Rhisveri,Rhisveri Zessoprical | Duke Rhisveri | Duke Rhimemorom | Rhis | Rhissy | Rhisveri sor Kerwenas |,Male |,11441 |,Wyrm |,Alive |,Ailendamus | Immortals,Terandria |,Ailendamus |,Noble |,Mage | Leader |,https://wiki.wanderinginn.com/images/e/eb/Thief-by-dr.replig8r.png,1,1755,8
Elia,Elia Arcsinger | Kingslayer |,Female |,68 |,Half-Elf |,Alive |,Arcsinger's Bows | The Wandering Inn |,Terandria | Izril |,Gaiil-Drome | The Wandering Inn |,Adventurer |,Archer |,https://wiki.wanderinginn.com/images/7/7a/Arcsinger_%28Zoomed_In%29_by_auspiciousoctopi.jpg,1,1423,4
Toren,Toren | Tor | Miss Swordswoman | Miss Warrior | Nekhti |,Male |,,Undead |,Active |,Az'kerash | The Wandering Inn |,Izril |,The Wandering Inn | Bloodfields |,Vassal | Guard |,Warrior |,https://wiki.wanderinginn.com/images/c/c4/Toren_in_full_outfit_by_DemonicCriminal.jpg,1,2942,1
Reiss,Reiss | Goblin Lord | Apprentice |,Male |,14 |,Ghost |,Deceased |,Az'kerash |,Izril |,North Izril |,Noble | ,Mage | Leader |,https://wiki.wanderinginn.com/images/0/01/Reiss_and_Spider_by_Jawjee.jpg,1,3586,1
Pelt,Pelt Dooristone |,Male |,120 |,Dwarf |,Alive |,Blacksmith's Guild | Pallass,Izril |,Pallass | Esthelm |,Smith |,Non-combat |,https://wiki.wanderinginn.com/images/2/22/Pelt_by_HolyChicken.png,1,1249,6
Normen,Normen |,Male |,,Human |,Alive |,Brotherhood of Serendipitous Meetings | Fellowship of the Inn | The Wandering Inn | Order of Solstice |,Izril |,Invrisil | The Wandering Inn | ,Knight | Crime |,Warrior |,https://wiki.wanderinginn.com/images/f/f3/Normen-by-butts.jpg,1,1809,8
Lyonette,Lyonette du Marquin | Lyon | Lyon Solstice | Lionette Solstice | Lyonette the Fiery | Princess of the Hearth | Lyonette the Extremely Stressed | Heartbreaker Lyonette |,Female |,18 |,Human |,Alive |,Calanfer | The Wandering Inn | House Marquin |,Izril |,The Wandering Inn | Calanfer |,Innkeeper | Royal |,Non-combat |,https://wiki.wanderinginn.com/images/a/ad/Lyon_by_Stephanie_Chen.jpg,1,14184,2
Az’kerash,Perril Chandler | Perril | Az'kerash | The Necromancer | Necromancer of Terandria | Archmage Chandler | Archmage of Death | Gravewarden of Therras | Undying Shield of Calanfer | Great Master of the Dead | Anonymous Spellcaster A | Azzy |,Male |,200 |,Human |,Active |,Chosen |,Izril |,Bloodfields |,Mage | ,Mage |,https://wiki.wanderinginn.com/images/8/81/Az%27kerash_by_Chalyon.jpg,1,2551,1
Cauwine,Cauwine | Goddess of Last Stands | Goddess of War | Goddess of Youth | Goddess of War and Youth | Goddess of Adventures and War | Goddess of Battle | Goddess of the Hunt | Goddess of Glorious Souls | Hunter of Glorious Souls | Patron of Glorious Souls | Patron of Valor | First of the Hunt | Young Huntress | Huntress of Victory |,Female |,,God |,Active |,Dead Gods |,Kasignel |,Kasignel |,God |,God |,,1,233,8
Tamaroth,Tamaroth | God of Leaders and Rulers | God of Rulers | God of Leaders | The Man with the Beard | Bearded Leader | Tam | Tammy |,Male |,,God |,Active |,Dead Gods |,Kasignel |,Kasignel |,God |,God |,,1,318,2
Emerrhain,Emerrhain | God of Scholars and Magic | God of Magic and Studies | God of Magic | God of Studies | God of Secrets | The Wise Man | The Man with the Book |,Male |,,God |,Active |,Dead Gods |,Kasignel |,Kasignel |,God |,God |,,1,211,7
Norechl,Norechl | Deity of the Forgotten | God of the Forgotten | God of Forgotten Things | God of Seekers | God of the Lost | God of Nothing | Dead God of Lost Things | First of the Lost | First of Nothing | Furthest Traveller | Lost Thing |,Nonbinary |,,God |,Active |,Dead Gods |,Kasignel |,Kasignel |,God |,God |,https://wiki.wanderinginn.com/images/4/49/Norechel_by_Relia.png,1,212,7
Kasigna,Kasigna | Kasigna of the EndGod of DeathGoddess of DeathGoddess of the AfterlifeThree-In-OneOne-In-ThreeThe MaidenThe MotherThe MatriarchThe CroneCorpsemotherThe Final JudgeKaligma |,Female |,,God |,Deceased |,Dead Gods |,Kasignel |,Kasignel |,God |,God |,https://wiki.wanderinginn.com/images/3/36/Threeinone-by-relia.png,1,914,8
Laedonius,Laedonius Deviy | God of Dance | God of the Dance | God of Meetings | God of Love | God of Dance and Love | God of Love and Meetings | The Gracious Dancer | The Lover | The Friend of the Divine | Patron of Art and Song | Smiling Man | Dancing Man |,Male |,,God |,Deceased |,Dead Gods |,Kasignel |,Kasignel |,God |,God |,,1,228,5
Silvenia,Silvenia Ettertree | Death of Magic | Silvenia of Ages | Silvenia of Demons | Silvenia the Traitor | Silvenia the Deathless | Archmage of Terandria | Archmage of Elves | Archmage of Demon's Bane | Archmage of the Forgotten Era | Archmage of Demons | Archmage of Magic | Archmage of Magic's Ire | Archmage of Hell | Islandbreaker | The Traitor of Terandria | Curse of Elves | Traitor of Elves | The fallen [Archmage] of Wistram |,Female |,5600 |,Half-Elf |,Alive |,Demon Kingdom | Deathless |,Rhir | Terandria |,Demon Kingdom | Avel |,Death | Archmage | Mage |,Mage |,https://wiki.wanderinginn.com/images/d/de/Silvenia%27s_portrait_by_Maoxfhan.jpg,1,1293,6
Cara,Cara O'Sullivan | 'Humble Actor' | Queen of Pop | Siren of Songs | Baroness of the Beat | Singer of Terandria | Singer of Afiele | Gravesinger of Afiele | Sid |,Female |,24 |,Human |,Alive |,Earthers |,Terandria |,Noelictus | Ailendamus |,Performer |,Non-combat |,https://wiki.wanderinginn.com/images/0/07/Cara_O%E2%80%99Sullivan_by_ArtsyNada.jpg,1,1233,2
Oberon,Oberon | Faerie King | The Lord of the Glades | The Walker of the Forests | The Eldest | The Stag King | Green King | King of Avalon | Ruler of the Fae | The Eternal Trickster | The King of Faeries | Lord of the Beasts | Ruler of the Seelie Court | Green Lord |,Male |,,Fae |,Alive |,Fae | Immortals,Avalon |,Avalon |,God |,God |,,1,342,4
Ivolethe,Ivolethe |,Female |,,Fae |,Alive |,Fae | Immortals,Avalon |,Avalon |,Noble |,Non-combat |,https://wiki.wanderinginn.com/images/3/36/Ivolethe-by-tomeo.jpg,1,1043,3
Fierre,Serafierre val Lischelle-Drakle | Fierre | Fierre the Opener | Cougher | Bloody Secrets |,Female |,26 |,Vampire |,Alive |,Fellowship of the Inn | Drakle Family,Izril |,Reizmelt | Invrisil |,Crime |,Warrior |,https://wiki.wanderinginn.com/images/9/9f/Fierre_%282%29_by_Chalyon.png,1,2935,6
Valeterisa,Valeterisa Imarris | Archmage Valeterisa | Archmage of Izril | Valley | Anabelle |,Female |,65 |,Human |,Alive |,Fissival | The Adventurer's Haven | Wistram,Izril |,The Wandering Inn | Adventurer's Haven |,Archmage | Mage |,Mage |,https://wiki.wanderinginn.com/images/6/6a/Vally_by_mg.jpg,1,3581,3
Pyrite,Pyrite | Gold Stone Chieftain | Golden Goblin |,Male |,32 |,Hobgoblin | Goblin |,Deceased |,Flooded Waters Tribe |,Izril |,North Izril |,Chieftain |,Leader |,https://wiki.wanderinginn.com/images/f/fa/Pyrite_by_Artsy_Nada.jpg,1,2133,2
Ulvama,Ulvama |,Female |,29 |,Hobgoblin | Goblin |,Alive |,Flooded Waters Tribe | Fellowship of the Inn |,Izril |,Dwarfhall's Rest | Goblinhome | The Wandering Inn |,Shaman |,Mage |,https://wiki.wanderinginn.com/images/9/9b/Ulvama_by_pkay.jpg,1,3553,3
Rags,Rags | Chieftain | Lilbrasi |,Female |,4 |,Goblin |,Alive |,Flooded Waters Tribe | The Wandering Inn |,Izril |,Goblinhome | The Wandering Inn |,Chieftain |,Mage | Leader |,https://wiki.wanderinginn.com/images/thumb/d/d5/Rags_official_by_ArtsyNada.webp/1878px-Rags_official_by_ArtsyNada.webp.png,1,8091,1
Foliana,Foliana | Three-Color Stalker | Stalker of Baleros | Supreme Muffin Commander |,Female |,50 |,Beastkin |,Alive |,Forgotten Wing Company |,Baleros |,Elvallian |,Assassin | General |,Rogue |,https://wiki.wanderinginn.com/images/9/91/Supreme_muffin_commander.png,1,1315,4
Niers,Niers Astoragon | The Titan of Baleros | Titan of Swamps and Jungle | The Marsh-parter | Professor | The World's Smallest Strategist | Tallman of Baleros |,Male |,50 |,Fraerling |,Alive |,Forgotten Wing Company | Titan's School | Fellowship of the Inn |,Baleros |,Elvallian |,Strategist | Noble |,Leader |,https://wiki.wanderinginn.com/images/5/5b/Niers_portrait_by_sirduckless.jpg,1,5901,2
Pawn,Pawn |,Male |,3 |,Antinium |,Alive |,Free Antinium |,Izril |,Liscor |,Priest |,Priest |,https://wiki.wanderinginn.com/images/6/66/Pawn_by_Jason_Yao.png,1,4693,1
Klbkch,Klbkchhezeim | Klb | Klbkch | Klbkch the Slayer | Klbkch of the Centenium | Senior Guardsman Klbkch | Klbkchhezeim of the Free Antinium | Old Man Klb |,Male |,6000 |,Antinium |,Alive |,Free Antinium | Liscor's City Watch | Centenium,Izril | Rhir |,Liscor | Demon Kingdom |,Guard | Centenium | Prognugator |,Warrior |,https://wiki.wanderinginn.com/images/0/0f/Klbkch_by_Enuryn_cut.jpg,1,6550,1
Bird,Bird | Little Bird | Bird the Hunter | Bird the Liar | Sky Hunter | Bird of the True Antinium of Izril | Second Queen of the Free Antinium |,Female |,2 |,Antinium |,Alive |,Free Antinium | The Wandering Inn | Fellowship of the Inn |,Izril |,The Wandering Inn |,Guard | Monarch |,Archer |,https://wiki.wanderinginn.com/images/c/ca/Bird_the_Hunter_by_Bobo_Plushie.PNG,1,5305,1
Xrn,Xrniavxxel | Xrn | The Small Queen Xrn | Xrn of the Centenium |,Female |,,Antinium |,Alive |,Grand Hive | Free Antinium | Centenium,Izril |,Hivelands | High Passes |,Centenium | Prognugator | Monarch |,Mage |,https://wiki.wanderinginn.com/images/5/5c/Xrn_by_Enuryn.jpg,1,1275,1
Luan,Luan Khumalo | Luan the Rower | The Rower of Talenqual | Luan the Olympian |,Male |,25 |,Human |,Alive |,Gravetender's Fist | United Nations | Earthers,Baleros |,Talenqual |,Courier | Runner |,Non-combat |,,1,2278,4
Halrac,Halrac Everam | Halrac the Grim |,Male |,,Human |,Deceased |,Griffon Hunt | Order of Solstice,Izril |,The Wandering Inn | Riverfarm | North Izril |,Adventurer | Knight |,Archer |,https://wiki.wanderinginn.com/images/c/cf/Halrac_upperhalf_by_MG.jpg,1,2720,2
Moore,Moore | Moore of Raithland | Farwalker |,Male |,31 |,Half-Giant |,Deceased |,Halfseekers |,Izril |,The Wandering Inn |,Adventurer |,Mage |,https://wiki.wanderinginn.com/images/9/95/Moore_by_MG.jpg,1,1490,2
Jelaqua,Jelaqua Ivirith | Ivirith the Tempest |,Female |,58 |,Selphid |,Alive |,Halfseekers |,Izril |,The Wandering Inn | Pallass |,Adventurer |,Warrior |,https://wiki.wanderinginn.com/images/e/e4/Jelaqua-by-artsynada.jpg,1,2267,2
Garen,Garen Redfang |,Male |,14 |,Hobgoblin | Goblin |,Deceased |,Halfseekers | Redfang Tribe |,Izril |,North Izril |,Chieftain |,Warrior | Leader |,https://wiki.wanderinginn.com/images/0/0c/Garen_by_Pkay.png,1,2415,2
Ksmvr,"Ksmvr | Ksm | Ksmvr of Chandrar | Ksmvr of the Horns of Hammerad | Ksmvr of the Free Antinium | Ksmvr of Liscor | Ksmvr of Two Trees | Ksmvr, the Dancing Antinium |",Male |,3 |,Antinium |,Alive |,Horns of Hammerad |,Izril | Chandrar |,The Wandering Inn | Illivere |,Adventurer | Prognugator |,Warrior |,https://wiki.wanderinginn.com/images/c/c1/Ksmvr_Crossbow_by_Auspiciousoctopi.jpg,1,6297,1
Ceria,Ceria Springwalker | Ice Squirrel | Ice Weasel | Captain Ceria | Professor Springwalker |,Female |,65 |,Half-Elf |,Alive |,Horns of Hammerad |,Izril | Terandria | Wistram | Chandrar |,Erribathe | Liscor | Wistram |,Adventurer | Mage |,Mage |,https://wiki.wanderinginn.com/images/1/1e/Ceria_Springwalker_by_Dr.replig8r.PNG,1,14186,1
Pisces,Pisces Jealnet | Necro Boy | Necro-Lad | Comrade Pisces | Pisces the Nose | Bane of Roshal |,Male |,23 |,Human |,Alive |,Horns of Hammerad |,Izril | Terandria | Wistram | Chandrar |,The Wandering Inn | Wistram | Ailendamus |,Adventurer | Mage |,Mage |,https://wiki.wanderinginn.com/images/1/16/Pisces_by_JY.PNG,1,13592,1
Colthei,Colthei Lacment | Colth | Colth the Supporter | Ultimate Supporter | The World's Greatest [Supporter] | Colth of the Demonic Smile | Colthei the Demon | Cheerful Lad |,Male |,30 |,Human |,Alive |,Horns of Hammerad |,Izril |,Adventurer's Haven |,Adventurer |,Warrior |,https://wiki.wanderinginn.com/images/1/1b/Colth_the_Supporter_by_Fiore.png,1,2438,9
Yvlon,Yvlon Byres | Yv | Yvlon the Silver Arm | Slaughterer of Silver | Yvlon Silverarm | One-Armed Slaughterer | Silver-Killer | Silverarm | The Silver Killer of Izril |,Female |,,Human |,Alive |,Horns of Hammerad | House Byres,Izril | Chandrar |,The Wandering Inn | Byers' Lands | Nerrhavia's Fallen |,Adventurer |,Warrior |,https://wiki.wanderinginn.com/images/2/26/Yvlon_by_pkay.png,1,9248,1
Calruz,Calruz | Calruz of the Beriad | Mr. Grumpy | bull-guy | cow-guy | One arm | Horn Chieftain |,Male |,,Minotaur |,Alive |,Horns of Hammerad | Liscor's Dungeon |,Izril |,Liscor | North Izril |,Adventurer | Soldier |,Warrior |,https://wiki.wanderinginn.com/images/4/42/Calruz_by_DemonicCriminal.jpg,1,1968,1
Ylawes,Ylawes Byres | The Savior of Esthelm |,Male |,28 |,Human |,Alive |,House Byres | Silver Swords |,Izril |,Byers' Lands | New Lands |,Adventurer | Knight |,Warrior |,https://wiki.wanderinginn.com/images/f/fb/Ylawes-by-mg.jpg,1,2710,3
Maviola,Maviola |,Female |,1 |,Undead |,Active |,House El |,Izril |,North Izril | The Wandering Inn |,Noble |,Non-combat |,https://wiki.wanderinginn.com/images/f/f1/Maviola_by_auspiciousOctopi.jpg,1,4383,1
Magnolia,Magnolia Reinhart | Lady Magnolia | The Deadly Flower Blooming In The North | Flower Lady | Mags |,Female |,47 |,Human |,Alive |,House Reinhart |,Izril |,Invrisil | Celum |,Noble |,Non-combat |,https://wiki.wanderinginn.com/images/c/ca/Magnolia_by_LeChatDemon.jpg,1,7433,1
Tyrion,Tyrion Veltras | Lord Tyrion | Lance of the North | Smiling Man |,Male |,28 |,Human |,Alive |,House Veltras |,Izril |,Veltras Lands |,Noble |,Warrior | Leader |,https://wiki.wanderinginn.com/images/a/aa/Tyrionveltras-by-monikaismywaifu.jpg,1,5453,1
Hedault,Hedault |,Male |,30 |,Human |,Alive |,Horns of Hammerad |,Izril |,Invrisil |,Enchanter | Merchant |,Non-combat |,https://wiki.wanderinginn.com/images/b/b6/Hedault_by_mg.jpg,1,850,3
Raelt,Raelt Leysars | King Raelt | Raelt of Jecrass | King of Jecrass | King of Duels | Duelist King | Horselord of the Plains | Defender of Belchan |,Male |,40 |,Human |,Alive |,Jecrass |,Chandrar |,Jecrass |,Monarch | Royal |,Leader | Warrior |,https://wiki.wanderinginn.com/images/6/67/Raelt_Leysars.png,1,1972,6
Fetohep,Fetohep | King Fetohep | Eternal Majesty | Undying Majesty | Ruler of the Sands | Guardian of the Kingdom of Khelt in Death and Life | Client F | Protectorate of Jecrass | Horselord of the Windswept Lands |,Male |,653 |,Undead |,Alive |,Khelt |,Chandrar |,Khelt |,Monarch | Royal |,Leader | Warrior |,https://wiki.wanderinginn.com/images/0/0e/Fetohep_with_sword.png,1,3583,1
Olesm,Olesm Swifttail | Commander Olesm | Strategos Olesm |,Male |,22 |,Drake |,Alive |,Liscor |,Izril |,Liscor |,Strategist |,Leader |,https://wiki.wanderinginn.com/images/d/df/Olesm_transformation_by_Butts.png,1,4692,1
Lism,Lism Swifttail |,Male |,43 |,Drake |,Alive |,Liscor |,Izril |,Liscor |,Mayor | Merchant |,Non-combat |,https://wiki.wanderinginn.com/images/b/b9/Lism_Councilmember_by_DemonicCriminal.png,1,1764,1
Zevara,Zevara Sunderscale | Captain Z |,Female |,28 |,Drake |,Alive |,Liscor | Liscor's City Watch |,Izril |,Liscor |,Guard |,Leader | Warrior |,https://wiki.wanderinginn.com/images/1/1e/Zevara_portrait_by_Demonic_Criminal.png,1,3128,1
Selys,Selys Shivertail |,Female |,21 |,Drake |,Alive |,Liscor's Adventurer Guild | Liscor,Izril |,Liscor |,Secretary |,Non-combat |,https://wiki.wanderinginn.com/images/0/0b/Selys_by_flauschesoeckchen.PNG_%282%29.png,1,4809,1
Relc,Relc Grasstongue | The Gecko of Liscor |,Male |,40 |,Drake |,Alive |,Liscorian Army | Liscor's City Watch |,Izril |,Liscor | The Wandering Inn | Cellidel |,Guard |,Warrior | ,https://wiki.wanderinginn.com/images/3/33/Relc.png,1,6554,1
Teriarch,Teriarch | Terrium Archelis Dorishe | Teriarch | Teriarch soth Verines | Teriarch of Kerozel | The Lord of Flame | Dragonlord of Flame | High Eminence Teriarch | Starfire Dragon of Iltanus | Ward-Regent of Voltail | Lord of Pyres | Champion of Ashen Wings | Doom of Amerital Goolm | Grand Magus Eldavin | Demsleth | Teri | Hot Thing | Old Smoker | Old Fool | Mr. Dragonlord of Burning Things |,Male |,58000 |,Dragon |,Alive |,Magnolia Reinhart | Immortals,Izril |,High Passes |,Noble |,Mage |,https://wiki.wanderinginn.com/images/8/87/Teriarch_webcomic.jpg,1,2911,1
Zel,Zel Shivertail | Tidebreaker | Lineholder General | The legendary General of the Line |,Male |,,Drake |,Deceased |,Magnolia Reinhart | Liscor |,Izril |,Liscor |,General |,Leader | Warrior |,https://wiki.wanderinginn.com/images/e/e4/Zel%2C_By_Artsy_Nada_%28Cutout_%2B_Edit%29.jpg,1,2603,1
Nerrhavia,Nerrhavia | Tyrant of Cloth | Tyrant of the Woven Citadel | Ruler of the Woven Citadel | Tyrant of Sands | Tyrant of Chandrar | Immortal Tyrant | Immortal Queen | Suzerain of Cloth | Ruler of Clothkind | Twisted Chamberlain of the Lacreous Courts | Empress Nerrhavia |,Female |,1000 |,String Person |,Alive |,Nerrhavia's Fallen |,Izril |,Nerrhavia's Fallen | Bloodfields |,Monarch | Royal |,Leader |,https://wiki.wanderinginn.com/images/4/4d/Nerrhavia_by_ArtsyNada.png,1,2260,1
Chaldion,Chaldion Oliwing | Grand Strategist Chaldion | Cyclops of Pallass | One Eye Cyclops |,Male |,106 |,Drake |,Alive |,Pallass |,Izril |,Pallass |,Strategist |,Leader |,https://wiki.wanderinginn.com/images/6/6f/Chaldion_by_DemonicCriminal.jpg,1,1711,1
Grimalkin,Grimalkin Duveig | Grimalkin the Sinew Magus | Grimalkin the Fist Mage | Grimalkin the Fist | Muscle Mage of Pallass | Magus G |,Male |,31 |,Drake |,Alive |,Pallass |,Izril |,Pallass |,Mage | ,Mage |,https://wiki.wanderinginn.com/images/f/fd/Grimalkin_2_by_pkay.png,1,2782,6
Saliss,Saliss Oliwing | Saliss of Lights | Saliss the Naked | That Naked Bastard | Pallass' Number One Nuisance | Pallass' one-Drake army | That Insane [Alchemist] | The Mad Drake of Pallass | Chaldion's heir of war | Onieva Oliwing |,Female |,,Drake |,Alive |,Pallass | Alchemist's Guild |,Izril |,Pallass |,Alchemist | Adventurer |,Rogue |,https://wiki.wanderinginn.com/images/f/f6/Saliss_by_DemonicCriminal.jpg,1,5417,1
Orjin,Orjin | Orjin of Pomle | Strongest of Pomle |,Male |,37 |,Human |,Alive |,Pomle |,Chandrar |,Pomle |,Mayor | Soldier |,Warrior | Leader |,https://wiki.wanderinginn.com/images/8/87/Orjin_portrait_by_DemonicCriminal.jpg,1,2382,6
Badarrow,Badarrow |,Male |,,Hobgoblin | Goblin |,Alive |,Redfang Tribe | Flooded Waters Tribe | The Wandering Inn | Fellowship of the Inn |,Izril |,The Wandering Inn | Goblinhome |,Guard |,Archer |,https://wiki.wanderinginn.com/images/a/ae/Badarrow.jpg,1,1222,3
Numbtongue,Numbtongue |,Male |,6 |,Hobgoblin | Goblin |,Alive |,Redfang Tribe | Flooded Waters Tribe | The Wandering Inn | Fellowship of the Inn |,Izril |,The Wandering Inn |,Guard | Bard |,Warrior |,https://wiki.wanderinginn.com/images/2/2a/Numbtongue_by_ArtsyNada.png,1,5833,3
Rabbiteater,Rabbiteater | Goblin Slayer | Ser Solstice | Lightherald of Calenfer | Ser Rabbiteater Solstice | Knight of Solstice | Rabbit Eater | Ser Rabbit | Rabbiteater of Champions |,Male |,,Hobgoblin | Goblin |,Alive |,Redfang Tribe | Flooded Waters Tribe | The Wandering Inn | Order of Seasons | Order of Solstice |,Izril |,The Wandering Inn |,Knight |,Warrior |,https://wiki.wanderinginn.com/images/0/07/Rabbiteater.jpg,1,4166,3
Quarass,Quarass | Emirea du Merrimorn |,Female |,13 |,Human |,Alive |,Reim | Germina,Chandrar |,Germina |,Monarch | Royal |,Non-combat |,https://wiki.wanderinginn.com/images/5/58/Quarass.png,1,1921,1
Trey,Trey Atwood | Troy Atlas | Worm Guy |,Male |,17 |,Human |,Alive |,Reim | Earthers,Chandrar |,Reim |,Vassal |,Mage |,https://wiki.wanderinginn.com/images/4/4e/Trey_Selfie_portrait_by_auspiciousOctopi.jpg,1,6691,2
Teresa,Teresa Atwood | Teres |,Female |,17 |,Human |,Alive |,Reim | Earthers,Chandrar |,Reim |,Vassal | Soldier |,Warrior |,https://wiki.wanderinginn.com/images/6/66/Teres.png,1,2410,2
Gazi,Gazi Pathseeker | Gazi the Omniscient | Gazi of Reim | Dunestalker | Adventurer Pathseeker |,Female |,,Half-Gazer |,Alive |,Reim | Seven |,Chandrar |,Reim |,Adventurer | Vassal |,Rogue |,https://wiki.wanderinginn.com/images/8/8b/Gaziattackcolor-by-pkay.png,1,2369,1
Orthenon,Orthenon | King of Destruction's Left Hand | Steward of Destruction |,Male |,70 |,Human |,Alive |,Reim | Seven |,Chandrar | Drath |,Drath | Reim |,Vassal | Soldier |,Warrior |,,1,1246,1
Mars,Mars | Mars the Illusionist | Eternal Gladiator |,Female |,,Human |,Alive |,Reim | Seven |,Chandrar |,Reim |,Vassal | Soldier |,Warrior |,https://wiki.wanderinginn.com/images/9/97/Mars_by_pkay.png,1,1233,2
Flos,Flos Reimarch | The King of Destruction | The Sleeping King | King of Reim | Flos of Reim | King of Bandages |,Male |,44 |,Human |,Alive |,Reim | Seven |,Chandrar |,Reim |,Monarch | Royal |,Warrior | Leader |,https://wiki.wanderinginn.com/images/1/1e/Flos_Reimarch_by_Jason_Yao.jpg,1,5574,1
Persua,Persua Alcherie Mavva |,Female |,,Human |,Unknown |,Runner's Guild |,Izril |,Celum |,Runner |,Non-combat |,https://wiki.wanderinginn.com/images/3/36/Persua_byLeChatDemon.jpg,1,1209,1
Ryoka,Ryoka Dawning Griffin | Batman | Wind Runner | Wind Runner of Reizmelt | Windfriend | Sunburst | Windy Girl | Windy Girl of Ailendamus |,Female |,21 |,Human |,Alive |,Runner's Guild | Earthers,Izril | Baleros | Terandria |,North Izril | Elvallian | Ailendamus | Savere,Runner | Courier |,Non-combat |,https://wiki.wanderinginn.com/images/d/d6/Ryoka_Portrait_by_LeChatDemon.jpg,1,29765,1
Ilvriss,Ilvriss Gemscale | Wall Lord Ilvriss | Employer I |,Male |,,Drake |,Alive |,Salazsar |,Izril |,Salazsar |,Noble |,Non-combat |,https://wiki.wanderinginn.com/images/a/aa/Ilvriss-by-curry.png,1,4525,2
Nerry,Nerry | Nerrhavia | Baroness Ichinee vel Tiena | Erin Solstice |,Female |,,Sariant Lamb |,Alive |,Unseen Empire | The Wandering Inn,Izril |,Liscor |,Layabout |,Non-combat |,https://wiki.wanderinginn.com/images/1/1d/Sariant_by_Jawjee.jpg,1,504,9
Krshia,Krshia Silverfang | Silvermouth |,Female |,41 |,Gnoll |,Alive |,Silverfang Tribe | Liscor |,Izril |,Liscor |,Mayor | Merchant |,Non-combat |,https://wiki.wanderinginn.com/images/8/8a/Krshia_by_LeChatDemon.jpg,1,4130,1
Ishkr,Ishkr Coresh Silverfang | Isk |,Male |,19 |,Gnoll |,Alive |,Silverfang Tribe | The Wandering Inn |,Izril |,Liscor | The Wandering Inn |,Innkeeper |,Non-combat |,https://wiki.wanderinginn.com/images/6/6d/Ishkr_with_suit_cut_out_by_Butts.jpg,1,1844,4
Octavia,Octavia Cotton | Stitch-girl | Octavia the Very Panicked |,Female |,,String Person |,Alive |,Stitchworks | The Wandering Inn | Fellowship of the Inn |,Izril | Chandrar |,Nerrhavia's Fallen | Celum | The Wandering Inn |,Alchemist |,Non-combat |,https://wiki.wanderinginn.com/images/c/cd/Octavia_cutout_by_auspiciousOctopi.jpg,1,2408,1
Mrsha,Mrsha | Doombringer | Doombearer | Mrsha du Marquin | Mrsha of the Stone Spears Tribe | Mrsha of The Wandering Inn | Mrsha the Great and Terrible | Mrsha the White | Mrsha the.... | Wielder of the Erin's Fire | Guardian of the Inn | Mri | [Prince] Merton the Fabulous |,Female |,8 |,Gnoll |,Alive |,The Wandering Inn |,Izril |,The Wandering Inn |,Druid | Child |,Mage |,https://wiki.wanderinginn.com/images/0/0a/Mrsha_by_ccyan.jpg,1,17670,2
Erin,Erin Solstice | The Crazy Human Innkeeper | The Crazy Human of Liscor | Crazy Innkeeper of Liscor | [Innkeeper] of Liscor | Innkeeper of Solstice | Destroyer | Deceiver | 'Joseph' | Sky | Goblinfriend of Izril | Grandmaster of Scales | Innkeeper of Scales | Lady Chaos | The Damsel of Drama | The Harbinger of Hilarity | That damn Human | The daughter of disarray | That agent of chaos |,Female |,21 |,Human |,Alive |,The Wandering Inn | Earthers,Izril |,The Wandering Inn |,Innkeeper |,Mage |,https://wiki.wanderinginn.com/images/thumb/3/38/Erin_official_by_ArtsyNada.webp/1878px-Erin_official_by_ArtsyNada.webp.png,1,62543,1
Kevin,Kevin Hall | Kevin of Liscor |,Male |,,Human |,Deceased |,The Wandering Inn | Flooded Waters Tribe | Earthers,Izril |,Invrisil | The Wandering Inn | Esthelm |,Smith |,Non-combat |,https://wiki.wanderinginn.com/images/7/78/Kevin_by_MG.jpg,1,1941,2
Drassi,Drassi Tewing | Reporter Drassi | That Drake |,Female |,,Drake |,Alive |,The Wandering Inn | Wistram News Network |,Izril |,Liscor | Pallass |,Secretary | Innkeeper | News |,Non-combat |,https://wiki.wanderinginn.com/images/4/4f/M13Fame_by_Brack.jpg,1,1857,1
Geneva,Geneva Scala | Doctor | Last Light of Baleros |,Female |,25 |,Human |,Alive |,United Nations |  Forgotten Wing Company | Earthers,Baleros |,Talenqual | Gathering Citadel | Elvallian |,Doctor |,Non-combat |,https://wiki.wanderinginn.com/images/5/58/Geneva_by_Chalyon.jpg,1,5078,3
Laken,Laken Godart | Emperor Laken | Emperor of the Unseen | Emperor of Beasts | Protector of Durene's Cottage | Ruler of Riverfarm Village | L |,Male |,24 |,Human |,Alive |,Unseen Empire | Earthers,Izril |,Riverfarm |,Monarch |,Non-combat |,https://wiki.wanderinginn.com/images/9/9e/Laken_Godart_%28By_Miguel%29.jpg,1,3997,3
Durene,Durene Faerise |,Female |,,Half-Troll |,Alive |,Unseen Empire | Order of Solstice |,Izril |,Riverfarm |,Farmer | Vassal |,Warrior |,https://wiki.wanderinginn.com/images/6/6d/Durene.jpg,1,4317,3
Wiskeria,Wiskeria | Wis |,Female |,24 |,Human |,Alive |,Unseen Empire | Witches,Izril |,Riverfarm |,Witch | Adventurer | General | Vassal |,Mage |,https://wiki.wanderinginn.com/images/8/8d/Wiskeria_by_JohnDoe.jpg,1,3076,4
Palt,Palt Fenrisol |,Male |,,Centaur |,Alive |,Wistram |,Izril |,The Wandering Inn | Liscor |,Mage |,Mage |,https://wiki.wanderinginn.com/images/2/27/Palt_by_Artsy_Nada.jpg,1,1980,6
Eldavin,Eldavin | Grand Magus Eldavin | Archmage of Memory |,Male |,200 |,Half-Elf |,Alive |,Wistram |,Wistram |,Wistram |,Archmage | Mage |,Mage |,https://wiki.wanderinginn.com/images/1/1e/Eldavin_portrait_by_DemonicCriminal.png,1,2935,7
Montressa,Montressa du Valeross | Mons |,Female |,,Human |,Alive |,Wistram | ,Izril | Wistram |,Wistram | The Wandering Inn |,Mage | ,Mage |,https://wiki.wanderinginn.com/images/1/10/MontressaWithStaff_cutout_by_auspiciousoctopi.jpg,1,2750,1
Zelkyr,Zelkyr Amerwing | Archmage Zelkyr | Archmage of Golems | Zelkyr of Salazsar |,Male |,50 |,Drake |,Unknown |,Wistram | Az'kerash |,Wistram |,Wistram |,Archmage | Artisan | Mage |,Mage |,,1,481,3
Belavierr,Belavierr Donamia | Stitch Witch | Threadstealer | Temptress | Witch of Calamity | Great Witch of Calamity | Spider | Immortal Spider | The Spider of Lives | The Spider of Terandria | The Weaver of Terandria | The Mistress of Strands | Witch of Webs | Threadcutter | Threadbreaker | Threadbreaker of Stitchfolk | Stringbreaker | Eater of Threads | Busybody | Witch of Dread Pacts |,Female |,12000 |,Human |,Alive |,Witches | Az'kerash |,Izril | Terandria | Sea |,Unknown |,Witch |,Mage |,https://wiki.wanderinginn.com/images/8/87/Belavierr_book12.jpg,1,3686,1
Nanette,Nanette Weishart |,Female |,12 |,Human |,Alive |,Witches | Unseen Empire | The Wandering Inn |,Izril |,Riverfarm | The Wandering Inn |,Witch | Child |,Mage |,https://wiki.wanderinginn.com/images/0/06/Nanette_by_brack.jpg,1,2603,6
Visophecin,Visophecin | Viscount Visophecin | Viscount V | Golden Bat |,Male |,1000 |,Lucifen |,Alive |,Ailendamus | Immortals | House Shoel,Terandria |,Ailendamus |,Noble |,Mage |,https://wiki.wanderinginn.com/images/8/89/Visophecin_by_LeChatDemon_-_Cutout.jpg,2,1153,8
Xif,Xif | Xif the Multicolored |,Male |,,Gnoll |,Alive |,Alchemist's Guild | Pallass |,Izril |,Pallass |,Alchemist |,Non-combat |,https://wiki.wanderinginn.com/images/4/4d/Xif_by_Brack.jpg,2,540,6
Tessa,Tessa | Shriekblade |,Female |,,Drake |,Alive |,Assassin's Guild | The Wandering Inn |,Izril |,Salazsar |,Adventurer | Assassin |,Rogue |,https://wiki.wanderinginn.com/images/3/34/Shriekblade_by_DemonicCriminal.png,2,728,6
Regrika,Regrika Blackpaw | Fortress Blackpaw |,Female |,,Gnoll |,Deceased |,Az'kerash | Chosen |,Izril |,Bloodfields |,Adventurer |,Warrior |,https://wiki.wanderinginn.com/images/5/54/Regrika_blackpaw_cropped-by-gheeart.jpg,2,500,4
Ijvani,Ijvani | Ikriss Southwing |,Female |,10 |,Undead |,Deceased |,Az'kerash | Chosen |,Izril |,Bloodfields |,Mage | Vassal |,Mage |,https://wiki.wanderinginn.com/images/e/e3/Toren_Ijvani_by_Anito.png,2,526,2
Venitra,Venitra | Regrika Blackpaw |,Female |,10 |,Undead |,Active |,Az'kerash | Chosen |,Izril |,Bloodfields |,Soldier | Vassal |,Warrior |,https://wiki.wanderinginn.com/images/1/1c/Venitra_by_DemonicCriminal.jpg,2,789,2
Maughin,Maughin | Maughin the [Armorer] |,Male |,30 |,Dullahan |,Alive |,Blacksmith's Guild | Pallass,Izril |,Pallass |,Smith |,Non-combat |,https://wiki.wanderinginn.com/images/e/ef/Maughin_x_jelaqua.png,2,750,6
Othius,Othius IV | Blighted King |,Male |,200 |,Human |,Alive |,Blighted Kingdom |,Rhir |,Blighted Kingdom |,Monarch | Royal |,Non-combat |,https://wiki.wanderinginn.com/images/9/92/Blighted-king-by-boboplushie.jpg,2,591,1
Ratici,Ratici |,Male |,,Drake |,Alive |,Brotherhood of Serendipitous Meetings |,Izril |,Invrisil |,Crime | Guard |,Rogue |,https://wiki.wanderinginn.com/images/e/e7/Wilovan_Ratici_by_MG.jpg,2,638,7
Wilovan,Wilovan |,Male |,,Gnoll |,Alive |,Brotherhood of Serendipitous Meetings |,Izril |,Invrisil |,Crime | Guard |,Warrior |,https://wiki.wanderinginn.com/images/e/e7/Wilovan_Ratici_by_MG.jpg,2,728,7
Alcaz,Alcaz |,Male |,,Human |,Deceased |,Brotherhood of Serendipitous Meetings | Fellowship of the Inn |,Izril |,Invrisil | The Wandering Inn |,Crime | Guard |,Warrior |,,2,200,8
Hexel,Hexel Quithail |,Male |,,Lamia | Lizardfolk |,Alive |,Liscor,Izril |,Liscor |,Smith |,Non-combat |,https://wiki.wanderinginn.com/images/6/6f/Hexel_portrait_by_Auspicious_Octopi.jpg,2,553,6
Seraphel,Seraphel du Marquin | Seraphel the Cursed | Seraphel the Widow | Seraphel the Sharptongued | Seraphel the Dutiful | Seraphel the Daring | Seraphel the General | Seraphel the Brave | Seraphel of the Right-Handed Slap | Princess of the Grave | The Cursed Widow of Calanfer |,Female |,28 |,Human |,Alive |,Calanfer | House Marquin |,Terandria |,Calanfer |,Royal |,Leader |,https://wiki.wanderinginn.com/images/f/f0/Cursed.png,2,1586,7
Ielane,Ielane du Marquin |,Female |,,Human |,Alive |,Calanfer | House Marquin |,Terandria |,Calanfer |,Monarch | Royal |,Non-combat |,,2,268,8
Agnes,Agnes | Miss Agnes |,Female |,35 |,Human |,Alive |,Celum |,Izril |,Celum |,Innkeeper |,Non-combat |,,2,428,2
Rémi,Remi | Remi Canada | Journalist Canada |,Male |,26 |,Human |,Alive |,Earthers |,Chandrar |,Nerrhavia's Fallen |,News |,Non-combat |,,2,477,6
Ieka,Ieka Imarris | Lady Spellcraft | Spelling Lady |,Female |,,Human |,Alive |,Circle of Thorns | ,Izril |,Invrisil |,Mage | Noble |,Mage |,https://wiki.wanderinginn.com/images/a/a8/Ieka-immaris-by-tomeo.jpg,2,856,5
Rie,Rie Valerund | Lady Rie Valerund of Invrisil |,Female |,,Human |,Alive |,Circle of Thorns | Unseen Empire |,Izril |,Riverfarm |,Noble | Vassal |,Non-combat |,,2,1428,4
Isthekenous,"Isthekenous | The God of Designs, of plans | The Wandering Builder | The architect of the 'folly of Gods' |",Male |,,God |,Deceased |,Dead Gods |,Kasignel |,Kasignel |,God |,God |,,2,118,9
Czautha’qshe,Czautha'qshe | Czautha | Death of Chains | Chainbreaker |,Female |,,Djinni |,Alive |,Demon Kingdom | Deathless |,Rhir |,Demon Kingdom |,Death |,Mage |,https://wiki.wanderinginn.com/images/0/0e/Czautha_by_Foxy.png,2,401,7
Serinpotva,Serinpotva | Death of Wings | Harpy Queen | Empress of the Skies |,Female |,2000 |,Harpy |,Alive |,Demon Kingdom | Deathless |,Rhir |,Demon Kingdom |,Death | Monarch | Royal |,Leader |,,2,195,7
Termin,Termin | Termin the Omnipresent |,Male |,,Human |,Alive |,Driver's Guild |,Izril |,North Izril |,Runner |,Non-combat |,,2,445,3
Thomas,Thomas Trautmann | Tom | Clown of Rhir | The Clown |,Male |,20 |,Human |,Alive |,Earthers | Blighted Kingdom |,Rhir |,Blighted Kingdom |,Hero |,Warrior | Rogue |,https://wiki.wanderinginn.com/images/e/e9/Tom_by_JohnDoe.jpg,2,591,2
Gireulashia,Gireulashia Ekhtouch | Gire |,Female |,16 |,Gnoll |,Alive |,Ekhtouch Tribe |,Izril |,Great Plains |,Chieftain |,Warrior |,https://wiki.wanderinginn.com/images/2/28/Mrsha_Gire_cut_out_by_ArtsyNada.jpg,2,1164,8
Shaestrel,Shaestrel |,Female |,,Fae |,Alive |,Fae | Immortals,Avalon | Izril | Baleros |,Avalon |,Noble |,Non-combat |,https://wiki.wanderinginn.com/images/0/0d/Shastellady_by_lanrae.png,2,484,9
Snapjaw,Snapjaw | Miss Goblin |,Female |,,Hobgoblin | Goblin |,Alive |,Flooded Waters Tribe | Fellowship of the Inn |,Izril |,Goblinhome |,Soldier |,Warrior |,https://wiki.wanderinginn.com/images/4/4b/Snapjaw_by_Artsy_Nada.jpg,2,712,4
Perorn,Perorn Sadiluc | Fleethoof |,Female |,51 |,Centaur |,Alive |,Forgotten Wing Company |,Baleros |,Elvallian |,Strategist |,Leader |,,2,1056,6
Velan,Velan | Velan the Kind | Goblin King |,Male |,,Goblin |,Deceased |,Forgotten Wing Company |,Baleros |,Jungle |,Monarch |,Leader |,https://wiki.wanderinginn.com/images/a/a3/M5_goblin_king_by_Butts.png,2,1014,2
Belgrade,Belgrade |,Male |,,Antinium |,Alive |,Free Antinium |,Izril |,Liscor |,Strategist |,Leader |,,2,1092,1
Anand,Anand | Anand the [Strategist] |,Male |,,Antinium |,Deceased |,Free Antinium |,Izril |,Liscor |,Strategist |,Leader |,,2,1320,1
Garry,Garry |,Male |,,Antinium |,Alive |,Free Antinium |,Izril |,Liscor |,Chef |,Non-combat |,https://wiki.wanderinginn.com/images/2/27/Garry_by_flauschesoeckchen.PNG,2,991,1
Yellow Splatters,Yellow Splatters |,Male |,,Antinium |,Alive |,Free Antinium | Painted Antinium | Liscor's City Watch |,Izril |,Liscor |,Soldier | Prognugator |,Warrior |,https://wiki.wanderinginn.com/images/5/59/Yellow_Splatters_Close-Up_by_Jason_Yao.png,2,1072,4
Paige,Paige |,Female |,,Human |,Alive |,Gravetender's Fist | United Nations | Earthers,Baleros |,Talenqual |,Smith |,Non-combat |,,2,609,4
Daly,Daly Sullivan |,Male |,16 |,Human |,Alive |,Gravetender's Fist | United Nations | Bushrangers | Earthers,Baleros |,Talenqual |,Adventurer | Soldier |,Warrior |,,2,1892,4
Kenjiro,Kenjiro Murata | Ken |,Male |,21 |,Human |,Alive |,Gravetender's Fist | United Nations | Earthers,Baleros |,Talenqual |,Ambassador |,Non-combat |,https://wiki.wanderinginn.com/images/8/83/Ken_by_KaDraginn.png,2,1461,4
Typhenous,Typhenous | Plague Mage | Typhenous the Plague | Typhenous the Plague Mage | Typhenous the Plague Knife | Typhenous the Face | Typhenous Face | Typh | Typhy |,Male |,52 |,Human |,Alive |,Griffon Hunt |,Izril |,Riverfarm |,Adventurer |,Mage |,https://wiki.wanderinginn.com/images/9/9a/Typhoid_by_MG.jpg,2,1302,2
Revi,Revi |,Female |,20 |,String Person |,Alive |,Griffon Hunt |,Izril |,The Wandering Inn | North Izril |,Adventurer |,Mage |,https://wiki.wanderinginn.com/images/5/5e/Revi_by_Butts_%28Cutout%29.png,2,1604,2
Seborn,Seborn Sailwinds |,Male |,,Drowned Person |,Alive |,Halfseekers |,Izril |,The Wandering Inn |,Adventurer | Pirate |,Rogue |,https://wiki.wanderinginn.com/images/8/8f/Seborn_2_by_DemonicCriminal.jpg,2,1262,2
Venaz,Venaz | Venaz of Hammerad | Venaz of the Beriad | Sir Bull | Sea Cow |,Male |,,Minotaur |,Alive |,House of Minos | Titan's School |,Baleros |,Elvallian |,Strategist |,Leader |,,2,1742,2
Xitegen,Xitegen Terland |,Male |,44 |,Human |,Alive |,House Terland |,Izril |,First Landing | Celum |,Noble |,Leader |,,2,472,9
Sammial,Sammial Veltras | Sammy | Cracked Raven |,Male |,10 |,Human |,Alive |,House Veltras |,Izril |,Veltras Lands |,Noble | Child |,Non-combat |,https://wiki.wanderinginn.com/images/d/df/Sammialveltras-by-monikaismywaifu.jpg,2,1541,4
Hethon,Hethon Veltras |,Male |,14 |,Human |,Alive |,House Veltras |,Izril |,Veltras Lands |,Noble | Child |,Non-combat |,https://wiki.wanderinginn.com/images/3/30/Hethonveltras-by-monikaismywaifu.jpg,2,1217,4
Bethal,Bethal Walchais | Lady Bethal |,Female |,,Human |,Alive |,House Walchais | Magnolia Reinhart | Knights of the Petal,Izril |,North Izril |,Noble |,Non-combat |,https://wiki.wanderinginn.com/images/d/d2/Lady_Bethal_by_Tomeo.jpg,2,1896,4
Femithain,Femithain | Crafter-Magus Femithain of the Illivere League | Magus-Crafter Femithain |,Male |,,Human |,Alive |,Illivere |,Chandrar |,Illivere |,Monarch | Smith | Mage | Artisan |,Non-combat |,https://wiki.wanderinginn.com/images/6/64/Femithain_by_LeChat.png,2,793,6
Tolveilouka,Tolveilouka Ve’delina Mer | Tolve | Folveilouka | Estvallos | Molouka | Molveilouka,Male |,12000 |,Half-Elf | Undead |,Active |,Immortals |,Izril |,Village of the Dead |,Vassal |,Mage | Warrior |,https://wiki.wanderinginn.com/images/c/c0/Tolveilouka-by-LeChatDemon.jpg,2,461,8
Xol,Xol | Xol of Ingrilt |,Male |,,Dullahan |,Deceased |,Iron Vanguard |,Baleros |,Invictel |,Soldier |,Warrior |,https://wiki.wanderinginn.com/images/c/c9/Xol_by_DemonicCriminal.jpg,2,198,6
Khelta,Khelta | Queen Khelta the First | Sovereign of Warm Sands | Monarch of Undeath | Origin of Khelt's Promise | Dragonfoe of Khelt Eternal | Glorian of Chandrar | Undeath Queen | Khelta the Eternal | Sovereign Ruler of Khelt | Guardian of the Norrislands |,Female |,21000 |,Human |,Deceased |,Khelt | ,Chandrar |,Khelt |,Monarch | Royal |,Leader |,,2,364,6
Menolit,Menolit |,Male |,,Drake |,Alive |,Liscor |,Izril |,Liscor |,Soldier |,Non-combat |,,2,374,1
Elirr,Elirr Fultpar |,Male |,,Gnoll |,Alive |,Liscor |,Izril |,Liscor |,Mayor | Merchant |,Non-combat |,,2,891,5
Hawk,Hawk | Hawk of Liscor | Hawk the Hare of Liscor | Hawk the Coward |,Male |,,Beastkin |,Alive |,Liscor | Runner's Guild |,Izril |,Liscor |,Courier | Runner |,Non-combat |,https://wiki.wanderinginn.com/images/1/1f/Hawk.jpg,2,596,1
Tkrn,Tkrn Silverfang |,Male |,,Gnoll |,Alive |,Liscor's City Watch | Silverfang Tribe |,Izril |,Liscor |,Guard |,Warrior |,https://wiki.wanderinginn.com/images/c/c3/Tkrn-by-pkay.jpg,2,1158,1
Snatcher,Snatcher | Face Collector | Facestealer | Headsnatcher |,Nonbinary |,,Undead |,Deceased |,Liscor's Dungeon |,Izril |,Liscor |,Layabout |,Warrior |,https://wiki.wanderinginn.com/images/0/0d/Snatcher-3-by-Enuryn.jpg,2,647,5
Pebblesnatch,Pebblesnatch | Pebblesnatch the Mighty |,Female |,,Goblin |,Alive |,Liscor's Dungeon | Unseen Empire |,Izril |,Riverfarm | The Wandering Inn |,Chef |,Non-combat |,https://wiki.wanderinginn.com/images/b/b4/Cute_Pebblesnatch_by_pkay.png,2,1022,5
Embria,Embria Grasstongue | Commander Grasstongue | Kid |,Female |,24 |,Drake |,Alive |,Liscorian Army | Liscor |,Izril |,Liscor |,Soldier | General |,Warrior | Leader |,https://wiki.wanderinginn.com/images/0/04/Embria_by_JohnDoe.jpg,2,1464,2
Inkar,Inkar | Inkarr | Inkar the Traveller | Traveller Inkar | Honored Inkarr |,Female |,,Human |,Alive |,Longstalker's Fang Tribe | Earthers,Izril |,Great Plains |,Chef |,Non-combat |,https://wiki.wanderinginn.com/images/8/8a/201129_inkar_cropped_by_auspiciousoctopi.png,2,1107,7
Krsysl,Krsysl Wordsmith |,Male |,,Drake |,Alive |,Magnolia Reinhart |,Izril |,Salazsar |,Intellect | Layabout |,Non-combat |,,2,82,2
Ressa,Ressa | Dagger of House Reinhart | The Flowered Blade of the North | The Bloom of Drath | Maid-Assassin | Deadly Elegance | The Invisible Edge | The Ninja of Izril | Lioness of the Five Families | The Edged Creler | The Unstoppable Woman |,Female |,,Human |,Alive |,Magnolia Reinhart |,Izril |,Invrisil |,Maid | Assassin |,Warrior |,https://wiki.wanderinginn.com/images/a/ad/Ressa_by_pkay_cutout.png,2,1668,1
Rafaema,Rafaema Manusara Coloseuvia | Rafaema Skywing | Raf | Raef |,Female |,123 |,Dragon |,Alive |,Manus | Immortals,Izril |,Manus |,Noble | ,Warrior |,,2,1291,1
Perric,Perric | High King Perric of Medain | Adventurer King of Medain | Rat-King | Rat Bastard |,Male |,43 |,Human |,Alive |,Medain |,Chandrar |,Medain |,Monarch | Royal |,Non-combat |,,2,584,6
Tremborag,Tremborag | Great Chieftain of the North | Tremborag of the Mountain | Tremborag the Great | Tremborag the Fat |,Male |,30 |,Goblin |,Deceased |,Mountain City Tribe |,Izril |,Dwarfhall's Rest |,Chieftain |,Leader | Warrior |,https://wiki.wanderinginn.com/images/f/fb/Tremborag_by_Cortz.png,2,1136,3
Greydath,Greydath | Greydath of Blades | Goblin Lord of Blades | Greybeard | Old One |,Male |,200 |,Hobgoblin | Goblin |,Alive |,Mountain City Tribe | Flooded Waters Tribe |,Izril | Isles |,Isle of Goblins |,Noble | Soldier |,Warrior |,https://wiki.wanderinginn.com/images/c/cf/Greydath-by-artsynada.jpg,2,736,3
Calescent,Calescent |,Male |,,Hobgoblin | Goblin |,Alive |,Mountain City Tribe | Flooded Waters Tribe | The Wandering Inn |,Izril |,The Wandering Inn |,Chef | Innkeeper |,Non-combat |,https://wiki.wanderinginn.com/images/a/ae/M5_goblin_by_Brack.jpg,2,664,7
Yisame,Yisame Beziin | Queen Yisame of Nerrhavia Fallen | Sandquen |,Female |,45 |,String Person |,Alive |,Nerrhavia's Fallen |,Chandrar |,Nerrhavia's Fallen |,Monarch | Royal |,Non-combat |,https://wiki.wanderinginn.com/images/1/1a/Croppedyisame-by-lanrae.jpg,2,662,6
Ama,Ama | Deathlady Ama |,Female |,,Human |,Alive |,Order of Solstice |,Izril | Terandria |,The Wandering Inn |,Mage | Knight |,Mage |,,2,347,8
Cirediel,Cirediel Anvi'dualln Olicuemerdn | Cire |,Male |,93 |,Dragon |,Alive |,Oteslia | Immortals,Izril |,Oteslia |,Layabout |,Warrior |,,2,717,7
Lasica,Lasica Feltail | Lassi |,Female |,49 |,Drake |,Alive |,Pallass |,Izril |,Pallass |,Chef | Innkeeper |,Non-combat |,,2,837,6
Rufelt,Rufelt Owelt | Ruf |,Male |,49 |,Gnoll |,Alive |,Pallass |,Izril |,Pallass |,Innkeeper |,Non-combat |,,2,1025,6
Noass,Noass |,Male |,,Drake |,Alive |,Pallass | Wistram News Network,Izril |,Pallass |,News |,Non-combat |,https://wiki.wanderinginn.com/images/e/e1/Noass_by_DemonicCriminal.jpg,2,522,5
Yelroan,Yelroan | Mathematician Yelroan | Math Gnoll | Sunglasses | Yelroan the Flasher |,Male |,,Gnoll |,Alive |,Plain's Eye Tribe | The Wandering Inn |,Izril |,Great Plains | The Wandering Inn |,Secretary | Innkeeper |,Non-combat |,https://wiki.wanderinginn.com/images/a/a5/Yelroan_pkay.png,2,1122,8
Jasi,Jasi Redigal |,Female |,,Drake |,Alive |,Players of Celum |,Izril |,Celum | Invrisil |,Performer |,Non-combat |,https://wiki.wanderinginn.com/images/4/46/Jasi_by_Enuryn.png,2,779,3
Salii,Salii | Emir Defin Atlyreal |,Female |,,Drake |,Alive |,Pomle |,Chandrar |,Pomle |,Secretary |,Non-combat |,https://wiki.wanderinginn.com/images/f/ff/Compromise_Salii_by_AuspiciousOctopi.jpg,2,460,6
Fightipilota,Fightipilota | Flipstrike | Fighti | Flighti Pilota |,Female |,,Goblin |,Alive |,Redfang Tribe | Flooded Waters Tribe |,Izril |,Goblinhome |,Runner |,Archer |,,2,400,8
Redscar,Redscar | Redblade |,Male |,8 |,Hobgoblin | Goblin |,Alive |,Redfang Tribe | Flooded Waters Tribe |,Izril |,Goblinhome |,Soldier |,Warrior |,https://wiki.wanderinginn.com/images/3/33/Gobo_study_redscar_by_mg.jpg,2,1112,3
Headscratcher,Headscratcher |,Male |,7 |,Hobgoblin | Goblin |,Deceased |,Redfang Tribe | Flooded Waters Tribe | The Wandering Inn |,Izril |,The Wandering Inn |,Guard |,Warrior |,https://wiki.wanderinginn.com/images/f/ff/Headscratcher.jpg,2,1061,3
Shorthilt,Shorthilt |,Male |,,Hobgoblin | Goblin |,Deceased |,Redfang Tribe | Flooded Waters Tribe | The Wandering Inn |,Izril |,The Wandering Inn |,Guard |,Warrior |,https://wiki.wanderinginn.com/images/d/dd/Shorthilt.jpg,2,508,3
Amerys,Amerys | Calm Flower of the Battlefield | Archmage Amerys | Archmage of Chandrar | Archmage of Lightning |,Female |,,Human |,Alive |,Reim | Seven | Wistram |,Wistram |,Wistram |,Archmage | Mage | Vassal |,Mage |,https://wiki.wanderinginn.com/images/2/2f/Amerys-by-pkay.png,2,970,2
Yazdil,Yazdil Achakhei | Emir Yazdil | The Naga | The Naga of Roshal | 'Kent Scott' |,Male |,,Naga | Lizardfolk |,Alive |,Roshal |,Chandrar |,Roshal |,Noble | Crime |,Non-combat |,,2,677,4
Alevica,Alevica | Witch Runner |,Female |,28 |,Human |,Alive |,Runner Guild's | Witches | Unseen Empire |,Izril |,Riverfarm |,Witch | Runner |,Mage |,https://wiki.wanderinginn.com/images/e/e9/Alevica_by_Yura.png,2,1522,6
Seve,Seve-Alrelious | Hundredfriends Courier |,Male |,,Human |,Deceased |,Runner's Guild |,Chandrar |,A'ctelios Salash |,Courier | Runner |,Non-combat |,https://wiki.wanderinginn.com/images/f/fe/Seve-by-auspiciousoctopi.jpg,2,836,7
Garia,Garia Strongheart | Celum's [Martial Artist] |,Female |,20 |,Human |,Alive |,Runner's Guild | Fellowship of the Inn |,Izril |,Celum |,Runner |,Warrior |,https://wiki.wanderinginn.com/images/7/77/Garia_by_LeChatDemon.jpg,2,1551,1
Nerul,Nerul Gemscale |,Male |,,Drake |,Alive |,Salazsar |,Izril |,Salazsar |,Noble |,Non-combat |,,2,529,8
Revine,Revine Zecrew | Siren of Savere | Siren of Tides | Queen R |,Female |,,Human |,Alive |,Savere |,Chandrar |,Savere |,Monarch | Crime |,Mage |,,2,470,6
Dawil,Dawil Ironbreaker | Dawil of the Ironbreaker ClanBeard Lad |,Male |,38 |,Dwarf |,Alive |,Silver Swords |,Izril |,Deritha-Vel | New Lands |,Adventurer |,Warrior |,https://wiki.wanderinginn.com/images/f/f0/Dawil_by_Lanrae.png,2,952,4
Falene,Falene Skystrall | Pointy |,Female |,81 |,Half-Elf |,Alive |,Silver Swords | Wistram |,Izril | Terandria |,Gaiil-Drome | New Lands |,Adventurer |,Mage |,https://wiki.wanderinginn.com/images/f/f1/Falene_by_mg.png,2,976,4
Brunkr,Brunkr Silverfang |,Male |,,Gnoll |,Deceased |,Silverfang Tribe | Order of Solstice |,Izril |,Liscor |,Knight |,Warrior |,https://wiki.wanderinginn.com/images/c/c7/Brunkr_by_flauschesoeckchen.PNG,2,424,2
Adetr,Adetr Steelfur |,Male |,19 |,Gnoll |,Alive |,Steelfur Tribe |,Izril |,Great Plains |,Soldier |,Warrior |,https://wiki.wanderinginn.com/images/4/45/Adetr-by-Daryl-Shnmurgenen.jpg,2,589,8
Nawalishifra,Nawalishifra Tannousin | Nawal |,Female |,,Human |,Alive |,Tannousin Clan | Reim |,Chandrar |,Reim |,Smith |,Non-combat |,https://wiki.wanderinginn.com/images/a/ac/Nawal-by-anito.png,2,797,5
Taletevirion,Taletevirion | Taletevirion of Herd Houwel | Gladeswalker | Champion of the Canopied Path | Champion of the Woodless | Last of the Eight Blademasters of Vale | The Cleansing Sword |,Male |,,Unicorn |,Alive |,Magnolia Reinhart | Immortals |,Izril |,Veltras Lands |,Layabout | Noble |,Warrior |,https://wiki.wanderinginn.com/images/5/5f/Transformation_by_Brack.jpg,2,326,9
Imani,Imani | Imani-cook |,Female |,19 |,Human |,Alive |,The Wandering Inn | Earthers,Izril |,Invrisil | The Wandering Inn | Liscor |,Chef |,Non-combat |,https://wiki.wanderinginn.com/images/a/aa/Imani_by_Artsy_Nada.jpg,2,1040,2
Rose,Rose Cinevoy | 'Rose' |,Female |,18 |,Human |,Alive |,The Wandering Inn | Earthers,Izril |,Invrisil | Great Plains |,Mage |,Non-combat |,https://wiki.wanderinginn.com/images/4/4e/Rose.jpg,2,2404,2
Joseph,"Joseph Ortega | Mr. Soccer | Joseph, the [Kicker] | Joseph the Soccer Player | Coach Joseph |",Male |,19 |,Human |,Alive |,The Wandering Inn | Earthers,Izril |,Invrisil | The Wandering Inn |,Runner |,Non-combat |,https://wiki.wanderinginn.com/images/d/d3/Joseph_by_Tomeo.jpg,2,1218,2
Apista,Apista |,Female |,,Ashfire Bee |,Alive |,The Wandering Inn | Fellowship of the Inn |,Izril |,The Wandering Inn |,Innkeeper |,Non-combat |,https://wiki.wanderinginn.com/images/9/9b/Buzz_buzz_by_auspiciousoctopi.jpg,2,1154,4
Ushar,Ushar |,Female |,,Human |,Alive |,Thronebearers | Calanfer |,Izril |,Calanfer | The Wandering Inn |,Knight |,Warrior |,,2,654,8
Dalimont,Dalimont |,Male |,,Human |,Alive |,Thronebearers | Calanfer |,Terandria |,Calanfer |,Knight |,Warrior |,,2,736,7
Sest,Sest |,Male |,,Human |,Deceased |,Thronebearers | Calanfer | Wandering Inn |,Izril | Terandria |,Calanfer | The Wandering Inn |,Knight |,Warrior |,,2,349,8
Nsiia,Nsiia Oliphant | Empress Nsiia of Tiqr | Empress of Beasts |,Female |,,Human |,Alive |,Tiqr |,Chandrar |,Tiqr | Illivere |,Monarch | Royal |,Leader |,https://wiki.wanderinginn.com/images/a/a2/Empresscutoff-by-auspicious-octopi.jpg,2,1794,6
Wil,Wil Kallinad |,Male |,,Human |,Alive |,Titan's School |,Baleros |,Elvallian | Pheislant |,Strategist |,Leader |,,2,1943,2
Umina,Umina Caxical | Urrexa |,Female |,19 |,Lizardfolk |,Alive |,Titan's School |,Chandrar |,Elvallian |,Strategist |,Leader |,,2,1244,2
Yerranola,Yerranola | Yerra |,Female |,,Selphid |,Alive |,Titan's School |,Baleros |,Elvallian |,Strategist |,Leader |,,2,589,2
Marian (Strategist),Marian Felthof |,Female |,,Centaur |,Alive |,Titan's School |,Baleros |,Elvallian |,Strategist |,Leader |,,2,2552,1
Wrymvr,Wrymvr | Wrymvr the Deathless |,Male |,,Antinium |,Alive |,Twisted Antinium | Centenium,Izril |,Hivelands |,Centenium | Prognugator |,Warrior |,https://wiki.wanderinginn.com/images/4/4a/Wrymvr_by_Brack.jpg,2,523,1
Vetn,Vetn | Thief of Clouds |,Male |,18 |,Gnoll |,Alive |,Unaffiliated |,Izril |,Great Plains |,Crime |,Rogue |,,2,695,8
Lupp,Lupp |,Male |,,Human |,Alive |,Unaffiliated |,Izril |,North Izril |,Farmer |,Non-combat |,https://wiki.wanderinginn.com/images/6/60/FarmerLupp_by_JackEnza.jpg,2,260,6
Wailant,Wailant Strongheart |,Male |,,Human |,Alive |,Unaffiliated |,Izril |,Celum |,Farmer | Pirate |,Warrior |,,2,729,4
Okasha,Okasha |,Female |,,Selphid |,Alive |,United Nations |,Baleros |,Talenqual | Gathering Citadel |,Doctor |,Non-combat |,,2,532,3
Prost,Prost Surehand |,Male |,,Human |,Deceased |,Unseen Empire |,Izril |,Riverfarm |,Vassal |,Non-combat |,,2,1220,3
Feshi,Feshi Weatherfur | Honored Feshi | Fesh |,Female |,,Gnoll |,Alive |,Weatherfur Tribe | Titan's School |,Baleros |,Elvallian |,Strategist | Chieftan |,Leader |,,2,1165,6
Cognita,Cognita | Cognita Amerwing | Cognita of Truestone | Cognita of Wistram | True Grit |,Female |,200 |,Golem |,Alive |,Wistram |,Wistram |,Wistram |,Guard | Vassal |,Warrior |,https://wiki.wanderinginn.com/images/3/35/Cognita_by_Chalyon.jpg,2,879,3
Feor,Feor | Archmage Feor | Archmage of Half-Elves | Archmage of Wistram |,Male |,200 |,Half-Elf |,Alive |,Wistram |,Wistram |,Wistram |,Archmage | Mage |,Mage |,,2,729,3
Illphres,Illphres | Ice Demon |,Female |,57 |,Human |,Deceased |,Wistram |,Wistram |,Wistram |,Mage | Intellect |,Mage |,,2,513,3
Nailihuaile,Nailihuaile | Naili |,Female |,,Star Lamia | Lizardfolk,Deceased |,Wistram |,Wistram |,Wistram |,Archmage | Mage |,Mage |,https://wiki.wanderinginn.com/images/c/c3/Naili_by_flauschesoeckchen.PNG,2,468,5
Aaron,Aaron Vanwell | BlackMage |,Male |,19 |,Human |,Alive |,Wistram | Earthers,Wistram |,Wistram |,Mage |,Mage |,https://wiki.wanderinginn.com/images/e/ea/Aarons_Vanwell_by_MG.jpg,2,1037,2
Elena,Elena Othonos |,Female |,25 |,Human |,Alive |,Wistram | Earthers |,Wistram |,Wistram |,Vassal |,Non-combat |,https://wiki.wanderinginn.com/images/b/b3/Elena_by_Tomeo.jpg,2,781,7
Fithea,Fithea sor Kerwenas | Fithea the Last | Fithea Deadwood |,Female |,16000 |,Dryad |,Deceased |,Ailendamus |,Terandria |,Ailendamus | ,Noble |,Mage |,,3,321,8
Dionamella,Dionamella | Great General of Ages | Dioname |,Female |,1600 |,Half-Elf |,Deceased |,Ailendamus |,Terandria |,Ailendamus |,General |,Leader |,,3,221,8
Dakelos,Dakelos | Admiral Dakelos | Admiral Idiot |,Male |,,Human |,Alive |,Ailendamus |,Terandria | Sea |,Ailendamus |,General | Sailor |,Leader |,,3,438,7
Itorin,Itorin Zessoprical II | King Itorin II |,Male |,,Human |,Alive |,Ailendamus |,Terandria |,Ailendamus |,Monarch | Royal |,Non-combat |,https://wiki.wanderinginn.com/images/6/67/Itorin2nd_by_Ayutac.png,3,338,7
Sophridel,Sophridel | Sophridel of Many Faces | Keeper of Masks | Alniesierr Carnevien |,Nonbinary |,700 |,Elemental |,Alive |,Ailendamus | Immortals,Terandria |,Ailendamus |,Noble | Intellect |,Non-combat |,https://wiki.wanderinginn.com/images/4/47/Sophridel-by-Enuryn.jpeg,3,142,8
Menorkel,Menorkel | Menor |,Male |,120 |,Titan |,Alive |,Ailendamus | Immortals |,Terandria |,Ailendamus |,Layabout | Performer |,Non-combat |,,3,177,8
First Grand Queen,First Grand Queen | The 1st Grand Queen | First Queen |,Female |,7000 |,Antinium |,Deceased |,Unaffiliated |,Rhir |,Demon Kingdom |,Monarch |,Leader |,,3,61,1
Capoinelia,Capoinelia Arcsinger |,Female |,28 |,Half-Elf |,Alive |,Arcsinger's Bows |,Izril | ,Invrisil |,Adventurer |,Archer |,,3,87,8
Armored Queen,Armored Queen | The Queen of the Armored Antinium |,Female |,,Antinium |,Alive |,Armored Antinium |,Izril |,Hivelands |,Monarch |,Leader |,,3,208,5
Dekass,Dekass |,Male |,,Antinium |,Alive |,Armored Antinium |,Izril |,Hivelands |,Prognugator |,Warrior |,,3,297,6
Tersk,Tersk | Tersk of the Armored Antinium |,Male |,,Antinium |,Deceased |,Armored Antinium |,Izril |,Hivelands |,Prognugator |,Warrior |,,3,427,3
Theofore,Theofore |,Male |,,Human |,Alive |,Assassin's Guild | Magnolia Reinhart |,Izril |,Invrisil |,Assassin |,Rogue |,,3,99,1
Vaulont,Vaulont | Vaulont the Ash |,Male |,,Vampire | Human |,Alive |,Assassin's Guild | The Wandering Inn |,Izril |,The Wandering Inn | Invrisil |,Assassin |,Rogue |,,3,74,8
Kerash,Kerash | Kerasil |,Male |,,Undead |,Active |,Az'kerash | Chosen |,Izril |,New Lands |,Chieftain |,Warrior |,,3,218,2
Bea,Bea |,Female |,10 |,Undead |,Deceased |,Az'kerash | Chosen |,Izril |,Bloodfields |,Vassal |,Warrior |,,3,307,2
Healing Slime,Healing Slime |,Nonbinary |,1 |,Slime |,Alive |,Az'kerash |,Izril |,Liscor | The Wandering Inn | Bloodfields |,Doctor |,Non-combat |,https://wiki.wanderinginn.com/images/0/07/Healing_Slime_%28Zoomed_In%29_by_auspiciousoctopi.jpg,3,97,6
Quiteil,Quiteil | Bastion-GeneralÂ Quiteil |,Male |,,Human |,Alive |,Blighted Kingdom |,Rhir |,Blighted Kingdom | 4th Wall |,General |,Leader |,,3,125,7
Hayvon,Hayvon Operland |,Male |,,Human |,Alive |,Blighted Kingdom |,Rhir |,Blighted Kingdom |,Noble |,Leader |,,3,313,6
Nereshal,Nereshal |,Male |,,Human |,Alive |,Blighted Kingdom |,Rhir |,Blighted Kingdom |,Secretary | Mage |,Mage |,,3,259,4
Coretine,Coretine | Blighted Queen | Coretine the First |,Female |,36 |,Human |,Alive |,Blighted Kingdom |,Rhir |,Blighted Kingdom |,Monarch | Royal | Soldier |,Non-combat |,https://wiki.wanderinginn.com/images/6/64/Blighted-queen-by-boboplushie.jpg,3,63,1
Fool,Fool | Fool |,Male |,,Human |,,Blighted Kingdom | Demon Kingdom |,Rhir |,Blighted Kingdom |,Assassin |,Rogue |,,3,278,1
Salkis,Salkis Blackwing |,Female |,,Drake |,Alive |,Bloodfeast Raiders | Fellowship of the Inn |,Izril |,Pallass |,Noble | Crime |,Warrior |,,3,255,5
Jiupe,Jiupe | Screamtouch Jiupe |,Female |,,Drowned Person |,Deceased |,Bloodtear Pirates |,Sea |,Boat |,Pirate |,Warrior |,,3,176,8
Crimshaw,Crimshaw |,Male |,41 |,Human |,Deceased |,Brotherhood of Serendipitous Meetings |,Izril |,Invrisil | The Wandering Inn |,Crime | Guard |,Warrior | Rogue |,,3,115,7
Marquin,Marquin | Marquin the Radiant | Marquin of Calanfer | Queen Marquin of Calanfer | Queen Marquin of the Single Breast |,Female |,,Human |,Deceased |,Calanfer | House Marquin |,Terandria |,Calanfer |,Monarch | Soldier |,Leader |,,3,659,2
Aielef,Aielef du Marquin | Aielef the Fierce |,Female |,37|,Human |,Alive |,Calanfer | House Marquin |,Terandria |,Kaliv |,Royal |,Non-combat |,,3,316,8
Vernoue,Vernoue du Marquin | Vernoue the Enchanting |,Female |,25 |,Human |,Alive |,Calanfer | House Marquin |,Terandria |,Calanfer |,Royal |,Non-combat |,https://wiki.wanderinginn.com/images/8/87/Vernoue_by_Chalyon.png,3,170,8
Menisi,Menisi du Marquin | Menisi the Watchful |,Female |,,Human |,Alive |,Calanfer | House Marquin |,Terandria |,Calanfer |,Royal |,Non-combat |,,3,14,8
Timbor,Timbor Parithad |,Male |,47 |,Human |,Alive |,Celum | The Drunken Gnoll |,Izril |,Celum | Liscor |,Innkeeper |,Non-combat |,,3,141,4
Czkelcill,Czkelcill Mirrex | Mirrex the Bard | Voice of the Antinium |,Male |,6000 |,Antinium |,Alive |,Centenium |,Rhir |,Demon Kingdom |,Centenium | Performer |,Mage |,,3,30,7
Galuc,Galuc | Galuc the Digger | Galuc the Builder |,Male |,,Antinium |,Deceased |,Centenium |,Rhir |,Demon Kingdom |,Centenium | Artisan |,Non-combat |,,3,65,3
Devrkr,Devrkr | Devrkr the Glowing | Glowing One |,Male |,,Antinium |,Deceased |,Centenium |,Rhir |,Demon Kingdom |,Centenium | Alchemist |,Warrior |,,3,24,7
Ierwyn,Ierwyn | Ierwyn the Herald of Forests |,Female |,200 |,Half-Elf |,Alive |,Claiven Earth |,Chandrar |,Claiven Earth |,General |,Warrior | Leader |,,3,87,8
Sprigaena,Sprigaena | The Last Elf | The Last Traitor | Sprigaena of the Fall | Traitor of Elves | Queen Sprithae |,Female |,,Elf |,Deceased |,Dead Gods |,Terandria |,Erribathe |,God |,God |,https://wiki.wanderinginn.com/images/6/6e/Sprigaena_closeup_by_onionlittle.jpg,3,158,8
Thresk,Thresk | Warmage Thresk |,Male |,,,Deceased |,Unaffiliated |,Izril |,Albez |,Mage |,Mage |,,3,69,3
Demon King,Demon King |,Male |,,Demon |,Alive |,Demon Kingdom |,Rhir |,Demon Kingdom |,Monarch |,Leader |,,3,94,2
Flora,Flora | Flora of Humans | Flora of Texas | Flora of Earth |,Female |,,Human |,Alive |,Demon Kingdom |,Rhir |,Demon Kingdom |,Vassal |,Archer |,https://wiki.wanderinginn.com/images/b/b1/Flora-by-cortz.jpg,3,205,7
Altestiel,Altestiel | Earl Altestiel | Knight Marshall Altestiel | Earl of Rains | RainyEarl | Rainy Boy | A Hungry Earl |,Male |,41 |,Human |,Deceased |,Desonis |,Terandria |,Desonis |,Noble |,Leader |,https://wiki.wanderinginn.com/images/b/bf/Earl_Altestiel_by_Chalyon.png,3,994,7
Rhaldon,Rhaldon Flemmens |,Male |,,Human |,Alive |,Driver's Guild | Alchemist's Guild | Earthers,Izril |,The Wandering Inn |,Runner | Alchemist |,Non-combat |,https://wiki.wanderinginn.com/images/1/11/Rhaldon_by_Lanrae.jpg,3,1044,9
Shassa,Shassa Weaverweb |,Female |,,Drake |,Alive |,Liscor |,Izril |,Oteslia |,Druid | Intellect |,Mage |,https://wiki.wanderinginn.com/images/e/e4/M15_druid_by_Brack.jpg,3,213,7
Rickel,Rickel |,Male |,21 |,Human |,Alive |,Earthers |,Izril |,Oteslia |,Crime |,Non-combat |,,3,202,8
Richard,Richard Davenport | Coach |,Male |,20 |,Human |,Alive |,Earthers |,Rhir |,Blighted Kingdom |,Soldier | Hero |,Warrior |,https://wiki.wanderinginn.com/images/a/a2/Richard-portrait-by-cortz.jpg,3,717,2
Emily,Emily | Waterbender |,Female |,20 |,Human |,Unknown |,Earthers | Blighted Kingdom |,Rhir |,Blighted Kingdom |,Soldier | Hero |,Mage |,,3,155,2
Kent Scott,Kent Scott |,Male |,,Human |,Alive |,Earthers | Roshal,Chandrar |,Roshal |,Slave |,Non-combat |,,3,40,2
Emperor of Sands,Emperor of Sands | Emperor of Sands |,Nonbinary |,,String Person |,Alive |,Empire of Sands |,Chandrar |,Empire of Sands |,Monarch | Royal |,Non-combat |,,3,138,2
Imor,Imor Seagrass | Lord Admiral Seagrass | Tyrant Seagrass | Duke Seagrass |,Male |,,,Alive |,Empire of Sands |,Sea |,Boat |,Noble | Sailor |,Leader |,,3,66,6
Nuvityn,Nuvityn |,Male |,241 |,Human |,Alive |,Erribathe |,Terandria |,Erribathe |,Monarch | Royal |,Leader |,,3,272,9
Iradoren,Iradoren | Prince Iradoren |,Male |,70 |,Human |,Deceased |,Erribathe |,Terandria |,Erribathe |,Royal |,Leader |,,3,354,9
Florist,Florist | Monster |,Female |,,Human |,Deceased |,Esthelm | Redfang Tribe |,Izril |,Esthelm |,Artisan |,Non-combat |,https://wiki.wanderinginn.com/images/f/fd/Florist-by-tomeo.jpg,3,96,1
Vofea,Vofea |,Female |,10892 |,Satyr | Fae |,Alive |,Fae | Horns of Hammerad |,Avalon | Izril | Baleros |,Avalon | ,Adventurer |,Warrior |,https://wiki.wanderinginn.com/images/b/bf/Vofea-by-ArtsyNada.jpg,3,255,9
Melidore,Melidore |,Male |,,Fae |,Alive |,Fae | Immortals,Avalon |,Avalon |,Noble |,Warrior |,,3,194,7
Nama,Nama |,Female |,,,Alive |,Fae | Immortals |,Avalon |,Avalon |,God |,God |,https://wiki.wanderinginn.com/images/1/17/Nama_Mushroom.jpg,3,93,7
Theillige,,Nonbinary |,,,,Fae | Immortals |,Izril | Avalon |,Avalon |,Soldier |,Warrior |,,3,78,9
Fezimet,Fezimet Tusqual |,Male |,,Quexal | Lizardfolk |,Deceased |,Jungle Tails |,Baleros |,Talenqual |,Soldier |,Leader |,,3,266,6
Dragial,Dragial |,Male |,,Drake |,Deceased |,Fissival |,Izril |,Fissival |,Noble |,Mage |,,3,155,7
Keldrass,Keldrass |,Male |,,Drake |,Alive |,Unaffiliated |,Izril |,Pallass |,Adventurer |,Warrior |,https://wiki.wanderinginn.com/images/2/27/Flamewarden_by_DemonicCriminal.jpg,3,366,5
Frostwing,Frostwing |,Female |,,Eagle |,Alive |,Flooded Waters Tribe |,Izril |,Riverfarm |,Vassal |,Non-combat |,https://wiki.wanderinginn.com/images/6/67/Laken_by_MG.jpg,3,297,3
Somo,Somo,Female |,,Ogre |,Alive |,Flooded Waters Tribe |,Izril |,Goblinhome |,Soldier |,Warrior |,,3,70,8
Frost Wyvern Lord,Frost Wyvern Lord | Wyvern Lord |,Male |,80 |,Wyvern |,Alive |,Flooded Waters Tribe |,Izril |,High Passes |,Noble |,Warrior |,,3,375,7
Dyeda,Dyeda |,Female |,,Hobgoblin | Goblin |,Alive |,Flooded Waters Tribe | Mountain City Tribe |,Izril |,Goblinhome |,Artisan |,Non-combat |,https://wiki.wanderinginn.com/images/f/f2/Dyeda.png,3,170,10
Rianchi,Rianchi |,Male |,,Hobgoblin | Goblin |,Alive |,Flooded Waters Tribe | Redfang Tribe |,Izril |,Goblinhome |,Layabout | Smith |,Non-combat |,,3,194,10
Sticks,Sticks |,Male |,,Goblin |,Alive |,Flooded Waters Tribe | The Wandering Inn |,Izril |,Goblinhome | The Wandering Inn |,Innkeeper |,Non-combat |,,3,55,9
Ressga,Ressga |,Female |,,Goblin |,Alive |,Flooded Waters Tribe | The Wandering Inn | Magnolia Reinhart |,Izril |,Goblinhome | The Wandering Inn |,Maid |,Rogue |,https://wiki.wanderinginn.com/images/thumb/3/3d/Ressga-by-LeChatDemon.webp/1243px-Ressga-by-LeChatDemon.webp.png,3,14,9
Tottenval,Tottenval | Blooming Plague | The King's Gardener |,Male |,,Beastkin |,Deceased |,Flos Reimarch | Seven |,Chandrar |,Reim |,Artisan | Vassal |,Non-combat |,,3,51,4
Flying Queen,Flying Queen | The Queen of the Flying Antinium | Flying Queen |,Female |,,Antinium |,Alive |,Flying Antinium |,Izril |,Hivelands |,Monarch |,Leader |,,3,144,5
Pivr,Pivr |,Male |,,Antinium |,Alive |,Flying Antinium | Fellowship of the Inn |,Izril |,Hivelands |,Prognugator |,Warrior |,,3,316,3
Diomedes,Diomedes | Cyclops |,Male |,140 |,Cyclops |,Alive |,Forgotten Wing Company |,Baleros |,Elvallian |,General |,Leader |,,3,213,1
Peclir,Peclir Im |,Male |,,Human |,Alive |,Forgotten Wing Company | Jungle Tails |,Baleros |,Elvallian |,Vassal | Assassin |,Rogue |,,3,301,4
Xevccha,Xevccha | Queen of the Free Antinium | Free Queen | Xevccha |,Female |,250 |,Antinium |,Alive |,Free Antinium |,Izril |,Liscor |,Monarch |,Leader |,https://wiki.wanderinginn.com/images/b/b2/Free_Queen_posing_by_LeChat_lesser.jpg,3,800,1
Furfur,Furfur |,Male |,,Antinium |,Alive |,Free Antinium |,Izril |,Liscor |,Artisan |,Non-combat |,https://wiki.wanderinginn.com/images/3/32/Fur_Fur_by_LeChatDemon_-_Cutout.jpg,3,37,8
Silveran,Silveran | Silveran the Cleaner | Silverstache |,Male |,1 |,Antinium |,Alive |,Free Antinium | ,Izril |,The Wandering Inn | Liscor |,Innkeeper |,Non-combat |,https://wiki.wanderinginn.com/images/c/c0/Silverstache-by-brack.jpg,3,348,7
The Crimson Soldier,The Crimson Soldier | Crimson | Crimson Antinium |,Male |,6 |,Antinium |,Alive |,Free Antinium | Fellowship of the Inn | Painted Antinium |,Izril |,Liscor |,Soldier |,Warrior |,,3,148,1
Artur,Artur |,Male |,,Antinium |,Alive |,Free Antinium | Painted Antinium |,Izril |,Liscor |,Soldier |,Leader |,https://wiki.wanderinginn.com/images/a/ae/Artur.jpg,3,233,8
Purple Smile,Purple Smile | Scary-purple-smile-guy |,Male |,,Antinium |,Alive |,Free Antinium | Painted Antinium |,Izril |,Liscor |,Soldier |,Leader |,https://wiki.wanderinginn.com/images/6/6f/Purple_smile_by_MG.jpg,3,172,4
Infinitypear,Infinitypear |,Male |,,Antinium |,Alive |,Free Antinium | Painted Antinium |  Fellowship of the Inn | Silver Swords |,Izril |,Liscor | Great Plains | New Lands |,Adventurer |,Warrior |,https://wiki.wanderinginn.com/images/0/0b/Rasktooth_and_Infinitypear_by_Artsy_Nada.jpg,3,330,8
Thaina,Thaina |,Female |,1 |,Antinium |,Alive |,Free Antinium | Painted Antinium | Magnolia Reinhart |,Izril |,Liscor |,Priest |,Priest |,,3,58,6
Chesacre,Chesacre |,Female |,1 |,Antinium |,Alive |,Free Antinium | Painted Antinium | Magnolia Reinhart |,Izril |,Liscor |,Priest | Secretary |,Priest |,,3,58,6
Rosencrantz,Rosencrantz |,Nonbinary |,,Antinium |,Alive |,Free Antinium | The Wandering Inn |,Izril |,The Wandering Inn |,Innkeeper |,Non-combat |,,3,153,9
Theikha,Theikha | Shaman Theikha |,Female |,150 |,Gnoll |,Alive |,Gaarh Marsh Tribe |,Izril |,Great Plains |,Shaman |,Mage |,,3,524,1
Earlia,Earlia |,Female |,,Human |,Alive |,Gemhammer |,Izril |,Liscor |,Adventurer |,Warrior |,,3,352,5
Vaitsha,Vaitsha Zectiou |,Female |,33 |,Human |,Alive |,Germina |,Chandrar |,Germina |,Vassal | Assassin |,Rogue |,https://wiki.wanderinginn.com/images/b/ba/Highborn_Vaitshia_by_Tomeo.jpg,3,90,6
Jewel,Jewel |,Female |,20 |,Human |,Alive |,Glitterblade | Order of Solstice |,Izril |,The Wandering Inn |,Adventurer |,Warrior |,https://wiki.wanderinginn.com/images/thumb/b/bb/Jewel_by_kalabaza.webp/1126px-Jewel_by_kalabaza.webp.png,3,622,7
Grand Queen,Grand Queen |,Female |,,Antinium |,Alive |,Grand Hive |   ,Izril |,Hivelands |,Monarch |,Leader |,,3,561,1
Quexa,Quexa |,Female |,,Lizardfolk |,Alive |,Gravetender's Fist |,Baleros |,Talenqual |,Soldier |,Warrior |,,3,117,4
Quallet,Quallet Marshhand |,Male |,,Human |,Deceased |,Gravetender's Fist | United Nations | Earthers,Baleros |,Talenqual |,Soldier |,Leader |,,3,477,4
Orelighn,Orelighn |,Male |,,Gnoll |,Alive |,Greenpaw Tribe |,Izril |,Great Plains |,Chieftain |,Non-combat |,,3,139,7
Cade,Cade Rishaw |,Male |,4|,Human |,Alive |,Griffon Hunt |,Izril |,Riverfarm |,Child |,Non-combat |,,3,199,7
Briganda,Briganda Rishaw | Briggy |,Female |,37 |,Human |,Alive |,Griffon Hunt |,Izril |,Riverfarm |,Adventurer |,Warrior |,https://wiki.wanderinginn.com/images/6/61/Briganda_by_MG.jpg,3,435,6
Ulrien,Ulrien Sparson |,Male |,,Human |,Deceased |,Griffon Hunt |,Izril |,The Wandering Inn |,Adventurer |,Warrior |,,3,355,2
Sostrom,Sostrom Reidez |,Male |,30 |,Human |,Deceased |,Horns of Hammerad |,Izril |,North Izril |,Adventurer |,Mage |,https://wiki.wanderinginn.com/images/5/52/Sostrom_by_DemonicCriminal.jpg,3,116,1
Gerial,Gerial Doerisel |,Male |,,Human |,Deceased |,Horns of Hammerad |,Izril |,North Izril |,Adventurer |,Warrior |,https://wiki.wanderinginn.com/images/7/7e/Hunt_Gerial_by_DemonicCriminal.jpg,3,541,1
Yitton,Yitton Byres |,Male |,53 |,Human |,Alive |,House Byres |,Izril |,Byers' Lands |,Noble |,Leader |,,3,593,5
Ysara,Ysara Byres | Silver Trader | Silver Merchant |,Female |,,Human |,Alive |,House Byres |,Izril |,Byers' Lands | Great Plains |,Merchant | Noble |,Non-combat |,,3,591,1
Padurn,Padurn Jealnet |,Male |,,Human |,,Unaffiliated |,Terandria |,Ailendamus |,Soldier |,Warrior |,,3,26,6
Zedalien,Zedalien | Steward Zedalien |,Male |,209 |,Half-Elf |,Alive |,House El |,Izril |,New Lands | Gaiil-Drome |,Secretary |,Non-combat |,,3,145,7
Desinee,Desinee El |,Female |,,Human |,Alive |,House El |,Izril |,North Izril |,Noble |,Non-combat |,,3,104,7
Deilan,Deilan El |,Male |,36 |,Human |,Alive |,House El |,Izril |,North Izril |,Noble | Artisan |,Non-combat |,,3,201,7
Reclis,Reclis du Marquin |,Male |,,Human |,Alive |,House Marquin | Calanfer |,Terandria |,Calanfer |,Monarch | Royal |,Non-combat |,https://wiki.wanderinginn.com/images/7/78/Reclis_Cutout_by_qenesu.jpg,3,145,8
Ellet,Ellet du Marquin |,Female |,13 |,Human |,Alive |,House Marquin | Calanfer |,Terandria |,Calanfer |,Royal | Child |,Non-combat |,,3,36,8
Inreza,Inreza | King of Minotaurs |,Female |,,Minotaur |,Alive |,House of Minos |,Isles |,Isle of Minos |,Monarch | Royal |,Warrior | Leader |,,3,88,7
Rhata,"Rhata | Rhata, Trident-Guardian of the Harbor of Hammerad |",Female |,,Rodent |,Alive |,House of Minos |,Izril |,Liscor | The Wandering Inn |,Layabout |,Non-combat |,https://wiki.wanderinginn.com/images/a/a7/Rhata_cutout.jpg,3,48,6
Haldagaz,"Haldagaz | Haldagaz, Vanquisher of Foes |",Male |,,Rodent |,Alive |,House of Minos |,Izril |,Liscor | The Wandering Inn |,Layabout |,Non-combat |,https://wiki.wanderinginn.com/images/2/2b/Haldagaz_cutout.jpg,3,48,6
Regis,Regis Reinhart | Grandfather |,Male |,3800 |,Ghost |,Active |,House Reinhart | Circle of Thorns |,Izril |,First Landing |,Noble |,Non-combat |,https://wiki.wanderinginn.com/images/2/20/Regis_cutout_by_Brack.jpg,3,205,4
Uzine,Uzine |,Male |,,Agelum |,Alive |,House Shoel | Ailendamus | Immortals,Terandria |,Ailendamus |,Noble |,Warrior |,,3,178,8
Azemith,Azemith |,Female |,,Lucifen |,Deceased |,House Shoel | Immortals | Ailendamus,Terandria |,Ailendamus |,Noble |,Mage |,,3,115,8
Igolze,Igolze |,Male |,,Lucifen |,Deceased |,House Shoel | Immortals | Ailendamus,Terandria |,Ailendamus |,Noble |,Mage |,,3,87,8
Paxere,Paxere | Andomexalitne |,Female |,38 |,Lucifen |,Alive |,House Shoel | Immortals | Ailendamus,Terandria |,Ailendamus |,Noble |,Mage |,,3,331,8
Ulva,Ulva Terland |,Female |,60 |,Human |,Unknown |,House Terland |,Izril |,North Izril |,Noble |,Non-combat |,,3,291,1
Pryde,Pryde Ulta |,Female |,,Human |,Alive |,Magnolia Reinhart |,Izril |,North Izril |,Noble |,Leader |,https://wiki.wanderinginn.com/images/d/da/Pryde_by_Bobo_Plushie.png,3,678,1
Gralton,Gralton Radivaek | Gralton of Lycit | Dog Lord |,Male |,42 |,Human |,Alive |,House Veltras |,Izril |,Riverfarm |,Noble |,Leader |,,3,396,5
Jericha,Jericha Synthel |,Female |,40 |,Human |,Alive |,House Veltras |,Izril |,Veltras Lands |,Vassal | Mage |,Mage |,,3,824,5
Pellmia,Pellmia Quellae | Pell |,Male |,60 |,Human |,Alive |,House Veltras |,Izril |,North Izril |,Noble |,Non-combat |,,3,650,5
Swey,Swey Veltras |,Male |,,Human |,Alive |,House Veltras |,Izril |,Veltras Lands |,Noble |,Warrior |,,3,120,8
Gresaria,Gresaria Wellfar | Duchess of Waves | Duchess of Salt | Harbormistress of First Landing |,Female |,102 |,Human |,Deceased |,House Welfar |,Izril |,First Landing | ,Noble | Secretary |,Warrior |,https://wiki.wanderinginn.com/images/8/81/Gresaria-by-artsynada.jpg,3,208,7
Domehead,Domehead | Delaxi of Dellva |,Male |,1 |,Golem |,Alive |,Illivere | Tiqr,Chandrar |,Illivere |,Guard |,Warrior |,https://wiki.wanderinginn.com/images/3/3d/Domehead-by-Enuryn.png,3,499,7
Rasea,Rasea Zecrew | Rasea the Shining |,Female |,,Drowned Person |,Alive |,Unaffiliated |,Sea |,Boat |,Pirate |,Warrior |,https://wiki.wanderinginn.com/images/4/45/Artsynada_rasea.jpg,3,492,7
Sheta,Sheta | Empress Sheta of Iltanus | First-Wingdaughter of Iltanus |,Female |,,Harpies |,Deceased |,Unaffiliated |,Izril |,High Passes |,Monarch | Royal |,Leader |,,3,94,7
Xarkouth,Xarkouth | Dragonlord of Stars | Dragonlord of the Void | Grandmaster of Scales | Xark |,Male |,,Dragon |,Deceased |,Immortals |,Baleros |,Jungle |,Noble |,Mage |,,3,170,8
Bograms,Bograms |,Male |,,Halfling |,Alive |,Immortals |,Izril |,Crossroads of Izril |,Layabout |,Warrior |,https://wiki.wanderinginn.com/images/1/13/Bograms_by_GridCube.jpg,3,447,9
Cormelex,Cormelex |,Male |,,Lucifen |,Deceased |,Immortals |,Rhir |,Demon Kingdom |,Noble |,Mage |,,3,31,9
Seer of Steel,Seer of Steel | Seer of Steel |,Male |,,Dullahan |,Alive |,Iron Vanguard |,Baleros |,Invictel |,General |,Leader |,,3,52,6
Tulm,Tulm | Tulm the Mithril |,Male |,,Dullahan |,Alive |,Iron Vanguard |,Baleros |,Invictel |,Strategist |,Leader |,,3,652,6
Verdan,Verdan Blackwood | Dullahan Archmage | Archmage of Dullahans | Archmage of Armor | Archmagus Blackwood |,Male |,,Human |,Deceased |,Iron Vanguard | Wistram |,Wistram | Baleros |,Invictel | Wistram |,Archmage | Mage |,Mage |,,3,146,1
Jecaina,Jecaina Leysars | Princess Jecaina of Jecrass | Daughter of Duels | Queen Jecaina | Arbiter Queen of Jecrass | Death's Friend |,Female |,22 |,Human |,Alive |,Jecrass |,Chandrar |,Jecrass |,Monarch | Royal |,Leader |,https://wiki.wanderinginn.com/images/a/ac/Jecaina-cutout-by-1autumnleaf.png,3,1110,6
Cortese,Cortese | Hundredlord Cortese | Courty |,Male |,,Human |,Alive |,Kaaz |,Terandria |,Kaaz |,Noble |,Warrior |,https://wiki.wanderinginn.com/images/9/94/Dulist.png,3,476,9
Griffin Prince,Griffin Prince |,Male |,27 |,Human |,Alive |,Kaliv |,Terandria |,Kaliv |,Royal |,Archer |,https://wiki.wanderinginn.com/images/8/81/Griffinprince-by-tomeo.jpg,3,145,6
Serept,Suzerain Serept | The Watchful Giant | Battlekin of the House of Minos | The Blacksmith King | Suzerain Serept | Suzerain Serept of Khelt and the Nomads of the Sky | The Diamond Smith | Serept the Creator |,Male |,300 |,Half-Giant | Undead |,Deceased |,Khelt | Nomads of the Sky |,Chandrar |,Khelt |,Monarch | Smith | Royal |,Leader |,,3,176,7
Itreimedes,Itreimedes | King of Avel |,Male |,,Human |,Alive |,Unaffiliated |,Terandria |,Avel |,Monarch | Royal |,Non-combat |,,3,108,8
Thomast,Thomast Veniral | Chevalier Thomast |,Male |,,Human |,Alive |,Knights of the Petal | House Walchais,Izril |,North Izril |,Soldier | Noble |,Warrior |,https://wiki.wanderinginn.com/images/a/ac/THOMAST_%28persona_5_style%29_by_Chalyon.jpg,3,570,4
Naumel,Naumel |,Male |,,Goblin |,Alive |,Unaffiliated |,Izril |,First Landing |,Chieftain |,Leader | Warrior |,,3,176,7
Alonna,Alonna Swiftwing |,Female |,,Drake |,Alive |,Liscor |,Izril |,Liscor |,Mage | Mayor | Secretary |,Non-combat |,,3,215,1
Visma,Visma |,Female |,7 |,Drake |,Alive |,Liscor | ,Izril |,Liscor |,Child |,Non-combat |,https://wiki.wanderinginn.com/images/2/2a/Visma_by_ArtsyNada.jpg,3,554,7
Colfa,Colfa val Lischelle-Drakle |,Female |,,Human | Vampire |,Alive |,Liscor | Drakle Family,Izril |,Reizmelt | Liscor |,Farmer |,Non-combat |,,3,493,6
Himilt,Himilt val Lischelle-Drakle |,Male |,,Vampire | Human |,Alive |,Liscor | Drakle Family,Izril |,Reizmelt | Liscor |,Farmer |,Non-combat |,,3,320,6
Crusader 51,Crusader 51 |,Male |,,Antinium |,Deceased |,Liscor | Free Antinium |,Izril |,Liscor |,Soldier |,Warrior |,https://wiki.wanderinginn.com/images/3/35/51.jpg,3,325,8
Embraim,Embraim | Crusader 802 |,Male |,,Antinium |,Deceased |,Liscor | Free Antinium | Order of Solstice |,Izril |,Liscor |,Knight |,Leader |,https://wiki.wanderinginn.com/images/0/0c/Embraim_by_mg.jpg,3,153,9
Antherr,Antherr Twotwentyonethree Herodotus | Crusader 221-3 | Edmund |,Male |,,Antinium |,Alive |,Liscor | Free Antinium | Order of Solstice |,Izril |,Liscor |,Soldier |,Warrior |,https://wiki.wanderinginn.com/images/7/79/Antherr_Twotwentyonethree_Herodotus_by_mg.jpg,3,411,9
Tekshia,Tekshia Shivertail | Tekshia the Spearmaster |,Female |,84 |,Drake |,Deceased |,Liscor | Liscor's Adventurer's Guild,Izril |,Liscor |,Adventurer | Secretary |,Warrior |,https://wiki.wanderinginn.com/images/1/12/Tekshia_outlined_by_DemonicCriminal.jpg,3,585,1
Sserys,Sserys | High General Sserys | Sserys of Liscor | Spear of the Drakes |,Male |,,Drake |,Deceased |,Liscor | Liscorian Army |,Izril |,Liscor |,General |,Leader |,,3,487,2
Jeiss,Jeiss Sielmark |,Male |,,Drake |,Deceased |,Liscor's City Watch |,Izril |,Liscor |,Mayor | Guard |,Warrior |,,3,358,1
Beilmark,Beilmark | Senior Guardswoman Beilmark | Honored Beilmark |,Female |,,Gnoll |,Alive |,Liscor's City Watch |,Izril |,Liscor |,Guard |,Warrior |,,3,349,1
Nokha,Nokha |,Female |,,Raskghar |,Deceased |,Liscor's Dungeon |,Izril |,Liscor |,Crime |,Warrior |,https://wiki.wanderinginn.com/images/d/df/Nokha-by-johndoe.jpg,3,254,5
Gothica,Gothica |,Female |,,Goblin |,Alive |,Liscor's Dungeon | Flooded Waters Tribe | Fellowship of the Inn |,Izril |,Liscor | Goblinhome |,Layabout |,Rogue |,https://wiki.wanderinginn.com/images/1/11/Gothica-by-lechat.jpg,3,261,8
Rasktooth,Rasktooth |,Male |,,Goblin |,Alive |,Liscor's Dungeon | Flooded Waters Tribe | Fellowship of the Inn | Silver Swords |,Izril |,Liscor | Goblinhome | Great Plains | New Lands |,Chef | Adventurer |,Warrior |,https://wiki.wanderinginn.com/images/0/0b/Rasktooth_and_Infinitypear_by_Artsy_Nada.jpg,3,371,8
Deskie,Deskie |,Female |,81 |,Gnoll |,Alive |,Longstalker's Fang Tribe |,Izril |,Great Plains |,Artisan |,Non-combat |,,3,179,7
Loran,Loran Grimnar |,Male |,,Human |,Alive |,Earthers |,Baleros |,Lorandia |,Monarch |,Non-combat |,,3,121,2
Wuvren,Wuvren Sitil |,Female |,59 |,Human |,Alive |,Magnolia Reinhart |,Izril |,North Izril |,Noble |,Non-combat |,https://wiki.wanderinginn.com/images/a/ac/Wuvren_by_pkay.png,3,154,4
Zanthia,Zanthia |,Female |,62 |,Human |,Alive |,Magnolia Reinhart |,Izril |,North Izril |,Noble |,Non-combat |,https://wiki.wanderinginn.com/images/e/ec/Zanthia_by_Tomeo.png,3,169,4
Reynold,Reynold Ferusdam | [Butler] |,Male |,,Human |,Alive |,Magnolia Reinhart |,Izril |,Invrisil |,Vassal |,Warrior |,,3,1089,1
Nalthaliarstrelous,Nalthaliarstrelous | Nalthal | Nalth |,Male |,70 |,Human |,Alive |,Magnolia Reinhart |,Izril |,Invrisil |,Druid |,Mage |,https://wiki.wanderinginn.com/images/b/bb/Nathal_by_Jawjee.jpg,3,235,4
Luciva,Luciva Skybreath | Dragonspeaker of Manus | Dragonspeaker Luciva Skybreath | Dragonspeaker Luciva |,Female |,,Drake |,Alive |,Manus |,Izril |,Manus |,Monarch |,Leader |,,3,300,6
Lulv,Lulv | Spearmaster Lulv | Lulv the Battle Wolf | Yulre |,Male |,,Gnoll |,Alive |,Manus |,Izril |,Manus |,Noble | Soldier |,Warrior |,,3,656,6
Torreb,Torreb | Torreb the Undefeated | Torreb the Unbreakable |,Male |,80 |,String Person |,Deceased |,Unaffiliated |,Chandrar |,Meneretorre |,Soldier |,Warrior |,https://wiki.wanderinginn.com/images/6/60/Weird_club_man_by_Brack.jpg,3,337,9
Merr,Merr | Merr the Storm |,Female |,,String Person |,Alive |,Unaffiliated |,Chandrar |,Zeikhal |,Crime |,Leader |,https://wiki.wanderinginn.com/images/a/ac/Merr_the_storm-by-lire.png,3,482,8
Anazurhe,Anazurhe | Witch Anazurhe | Witch A |,Female |,,Goblin |,Alive |,Molten Stone Tribe | Witches |,Izril |,Deuse Valley |,Chieftain | Witch |,Mage | Leader |,https://wiki.wanderinginn.com/images/f/fb/Anazurhe_by_LightsResonance.png,3,215,7
Taganchiel,Taganchiel | Tagan |,Male |,,Goblin |,Alive |,Mountain City Tribe | Flooded Waters Tribe |,Izril |,Dwarfhall's Rest | Goblinhome |,Shaman |,Mage |,,3,118,8
Poisonbite,Poisonbite | Poisonbite |,Female |,,Hobgoblin | Goblin |,Alive |,Mountain City Tribe | Flooded Waters Tribe |,Izril |,Goblinhome |,Soldier |,Warrior |,,3,413,3
Inkpaper,Inkpaper |,Male |,,Hobgoblin | Goblin |,Alive |,Mountain City Tribe | Flooded Waters Tribe | The Wandering Inn |,Izril |,Dwarfhall's Rest | Goblinhome | The Wandering Inn |,Innkeeper |,Non-combat |,https://wiki.wanderinginn.com/images/e/ef/Inkpaper_by_ArtsyNada.png,3,31,9
Etrikah,Etrikah | Great Sage of Nerrhavia's Fallen | GSNF |,Female |,,Beastkin |,Alive |,Nerrhavia's Fallen |,Chandrar |,Nerrhavia’s Fallen |,Vassal | Intellect |,Mage |,,3,170,8
Thelican,Thelican | General Thelican |,Male |,,String Person |,Deceased |,Nerrhavia's Fallen |,Chandrar |,Nerrhavia's Fallen |,General |,Leader |,,3,541,6
Zenol,Zenol Isphel | Prince Zenol |,Male |,,String Person |,Alive |,Nerrhavia's Fallen | Horns of Hammerad |,Chandrar |,Nerrhavia's Fallen |,Royal | Adventurer |,Warrior |,https://wiki.wanderinginn.com/images/9/99/Zenol.jpg,3,308,8
Alked,Alked Fellbow |,Male |,,String Person |,Alive |,Nerrhavia's Fallen | Khelt |,Chandrar |,Khelt |,Adventurer |,Archer |,,3,354,6
Zamea,Zamea | Tallest Strider | Shepherd Zamea |,Female |,,Half-Giant |,Alive |,Unaffiliated |,Chandrar |,Reim |,Vassal | Soldier |,Warrior |,,3,214,6
Deniusth,Deniusth | Deni | The Duelist of Strings | Deniusth the Violinist | Conqueror of Chalence | Lord Deniusth | Music Maker |,Male |,,Human |,Alive |,Orchestra |,Izril |,Adventurer's Haven |,Adventurer |,Warrior | Leader |,,3,389,1
Talia,Talia Kallinad | Lady-Dame Talia Kallinad | Dame Talia | Tal |,Female |,28 |,Human |,Alive |,Order of Seasons |,Terandria |,Pheislant |,Knight |,Warrior |,https://wiki.wanderinginn.com/images/6/6a/Talia_portrait-by-cortz.jpg,3,1083,6
Raim,Raim |,Male |,,Human |,Deceased |,Order of Seasons |,Terandria |,Pheislant |,Knight |,Warrior |,https://wiki.wanderinginn.com/images/a/a0/Ser_Raim_on_Fire_by_Dr.Replig8r.jpg,3,272,6
Vess,Vess |,Male |,16 |,Drake |,Alive |,Order of Solstice |,Izril |,Luldem |,Knight | Soldier |,Mage |,https://wiki.wanderinginn.com/images/6/65/Vess_by_Fiore.png,3,562,8
Mivifa,Mivifa Selifscale | Oldblood of Feathers | Mivifa of Feathers | Mivifa the Flier | Mividel Maxiclaw | Mivi |,Female |,44 |,Drake |,Alive |,Oteslia |,Izril |,Oteslia |,Adventurer |,Archer |,,3,498,7
Shirka,Shirka |,Female |,,Drake |,Alive |,Pallass |,Izril |,Pallass |,General |,Leader |,,3,185,7
Edellein,Edellein Blackwing |,Male |,,Drake |,Alive |,Pallass |,Izril |,Pallass |,General |,Leader |,,3,189,7
Thrissiam,Thrissiam Blackwing |,Male |,,Drake |,Deceased |,Pallass |,Izril |,Pallass |,General |,Leader |,,3,188,4
Venim,Venim |,Male |,,Drake |,Alive |,Pallass |,Izril |,Pallass | Liscor |,Guard |,Warrior |,,3,311,5
Mirn,Mirn |,Male |,,Drake |,Alive |,Pallass |,Izril |,Pallass |,Innkeeper | Guard |,Warrior |,,3,698,7
Duln,Duln |,Male |,,Dullahan |,Deceased |,Pallass |,Izril |,Pallass |,General |,Leader |,,3,142,7
Esor,Esor Ventail |,Male |,41 |,Garuda |,Alive |,Pallass |,Izril |,Pallass |,Strategist |,Leader |,,3,78,8
Bevussa,Bevussa Slenderscale |,Female |,,Garuda |,Alive |,Pallass |,Izril |,Pallass |,Adventurer |,Warrior |,https://wiki.wanderinginn.com/images/b/b6/Bevussa_by_flauschesoeckchen.PNG,3,860,5
Ferkr,Ferkr Shallenside | Ferkr of Pallass |,Female |,,Gnoll |,Alive |,Pallass |,Izril |,Pallass |,Mage |,Mage |,,3,186,6
Felkhr,Felkhr | Felk | Flying Gnoll of Pallass | That Idiot with the Wings |,Male |,,Gnoll |,Alive |,Pallass |,Izril |,Pallass |,Artisan | Layabout |,Non-combat |,https://wiki.wanderinginn.com/images/c/c8/Felkhr_by_DemonicCriminal.jpg,3,500,6
Osthia,Osthia Blackwing | Asrira Shieldscale | Osthmissa Shieldscale | Captain Shieldscale |,Female |,,Drake |,Alive |,Pallass | Salaszar |,Izril |,Pallass |,Soldier |,Warrior |,,3,751,4
Geraeri,Geraeri |,Female |,61 |,Centaur |,Alive |,Unaffiliated |,Chandrar |,Jecrass |,Monarch |,Leader |,,3,69,8
Prophet,Prophet | Prophet |,Male |,,Human |,Alive |,Unaffiliated |,Chandrar |,Zeikhal |,Priest |,Priest |,,3,61,2
Xherw,Xherw |,Male |,60 |,Gnoll |,Deceased |,Plain's Eye Tribe |,Izril |,Great Plains |,Chieftain |,Leader |,https://wiki.wanderinginn.com/images/7/74/Xherw_shaded_by_butts.png,3,529,1
Ulcreziek,Ulcreziek | Ulcre |,Male |,,Gnoll |,Deceased |,Plain's Eye Tribe |,Izril |,Great Plains |,Shaman |,Mage |,,3,201,8
Merish,Merish | Chief Warrior Merish |,Male |,33 |,Gnoll |,Alive |,Plain's Eye Tribe |,Izril |,Great Plains |,Chieftain | Soldier |,Warrior | Leader |,https://wiki.wanderinginn.com/images/a/a7/Chief_Warrior_Merish_Frost_Breath_by_Brack.png,3,961,7
Eltistiman,Eltistiman Verdue |,Male |,35 |,Human |,Alive |,Players of Celum |,Izril |,Invrisil |,Performer | Mage |,Mage |,,3,105,5
Grev,Grev Redigal | Grev the Player |,Male |,13 |,Human |,Alive |,Players of Celum |,Izril |,Celum | Invrisil |,Performer | Crime |,Non-combat |,https://wiki.wanderinginn.com/images/d/d9/Grev_by_Enuryn.png,3,434,2
Wesle,Wesle Salkie | Fuzzylips,Male |,,Human | ,Alive |,Players of Celum |,Izril |,Celum | Invrisil |,Performer |,Non-combat |,,3,577,1
Salthorn,Salthorn |,Nonbinary |,,Selphid |,Alive |,Pomle |,Chandrar |,Pomle |,Soldier |,Warrior |,,3,141,7
Peggy,Peggy |,Female |,,Hobgoblin | Goblin |,Alive |,Redfang Tribe | Flooded Waters Tribe |,Izril |,Goblinhome | The Wandering Inn |,Innkeeper |,Non-combat |,https://wiki.wanderinginn.com/images/c/cf/Peggy_cutout_by_ArtsyNada.jpg,3,275,9
Raidpear,Raidpear |,Male |,,Hobgoblin | Goblin |,Alive |,Redfang Tribe | Flooded Waters Tribe |,Izril |,Riverfarm |,Soldier |,Warrior |,https://wiki.wanderinginn.com/images/0/0e/Gobo_study_raidpear_by_mg.jpg,3,135,7
Grunter,Grunter | Grunter |,Male |,,Hobgoblin | Goblin |,Deceased |,Redfang Tribe | Flooded Waters Tribe |,Izril |,North Izril | Esthelm |,Soldier |,Warrior | Leader |,https://wiki.wanderinginn.com/images/e/ea/Gobo_study_grunter_by_mg.jpg,3,108,3
Thunderfur,Thunderfur |,Male |,,Wolf |,Deceased |,Redfang Tribe | Flooded Waters Tribe |,Izril |,Goblinhome |,Soldier |,Warrior |,,3,114,5
Minizi,Minizi | Mini-Gazi |,Female |,1 |,Golem |,Active |,Reim |,Chandrar |,Reim |,Guard |,Warrior |,https://wiki.wanderinginn.com/images/7/73/Minizisword-by-artsynada.gif,3,265,7
Maresar,Maresar Crusland | Maresar the Wolf |,Female |,,Human |,Deceased |,Reim |,Chandrar |,Reim |,Noble | Crime |,Archer |,,3,305,4
Venith,Venith Crusland |,Male |,,Human |,Alive |,Reim |,Chandrar |,Reim |,Noble |,Leader |,,3,706,4
Calac,Calac Crusland | Carn Thustone |,Male |,,Human |,Alive |,Reim |,Chandrar | Wistram |,Reim | Wistram |,Child | Vassal |,Mage |,,3,434,4
Takhatres,"Takhatres | Takhatres, Lord of the Skies |",Male |,,Garuda |,Alive |,Reim | Seven |,Chandrar |,Reim |,Vassal |,Warrior |,https://wiki.wanderinginn.com/images/f/f9/Takhatres_by_flauschesoeckchen.PNG,3,304,2
Drevish,Drevish | The King's Architect |,Male |,,Human |,Deceased |,Reim | Seven |,Chandrar |,Reim |,Smith | Vassal |,Non-combat |,,3,278,2
Queravia,Queravia | Gambler of Fates |,Female |,,String Person |,Deceased |,Reim | Seven |,Chandrar |,Reim |,Strategist |,Leader |,,3,65,4
Calidus,Calidus Reinhart |,Male |,35 |,Human |,Alive |,Reinhart Family | Assassin's Guild |,Izril |,North Izril |,Noble | Layabout |,Non-combat |,,3,326,9
Elosaith,Elosaith Soulbound |,Male |,,Human |,Alive |,Rheirgest |,Izril |,Rheirgest |,Mayor | Mage |,Mage |,,3,55,10
Riqre,Riqre'ma Medaale | Emir Riqre | Riqre |,Male |,,,Deceased |,Roshal |,Chandrar |,Roshal |,Crime |,Non-combat |,,3,402,8
Ci,Ci | Moonlight Rider | Moonlight Duo |,Male |,,Human |,Deceased |,Runner's Guild |,Izril |,Invrisil |,Courier | Runner |,Non-combat |,,3,120,7
Tritel,Tritel | Trit | Moonlight Rider | Moonlight Duo |,Male |,,Human |,Deceased |,Runner's Guild |,Izril |,Invrisil |,Courier | Runner |,Non-combat |,,3,177,1
Delanay,Delanay d'Artien |,Male |,,Human |,Alive |,Runner's Guild |,Izril |,Celum | North Izril |,Runner | Noble |,Warrior |,https://wiki.wanderinginn.com/images/f/fb/Vamp_hunter_by_demoniccriminal.jpg,3,258,7
Salamani,Salamani | Salamani the Haste Mage | Salamani the Mage Runner | Mage Rider |,Male |,,Human | Lizardfolk |,Alive |,Runner's Guild |,Izril |,North Izril |,Courier | Runner |,Non-combat |,https://wiki.wanderinginn.com/images/1/1d/Salamani_by_JackEnza.png,3,523,7
Fals,Fals Lenestre | Fleetfoot Fals |,Male |,23 |,Human |,Alive |,Runner's Guild | Fellowship of the Inn |,Izril |,Celum |,Runner |,Non-combat |,https://wiki.wanderinginn.com/images/7/74/M6_run_by_Butts.png,3,731,1
Mihaela,Mihaela Godfrey | The Courier of the First Antinium Wars | Speed Herself |,Female |,57 |,Human |,Alive |,Runner's Guild | The Adventurer's Haven,Izril |,First Landing |,Courier | Runner |,Warrior |,https://wiki.wanderinginn.com/images/3/37/Mihaela_by_Brack.jpg,3,715,2
Periss,Periss Veldant |,Female |,,Drake |,Deceased |,Salaszar |,Izril |,Salazsar |,Soldier |,Leader |,https://wiki.wanderinginn.com/images/9/93/Periss_by_LiRe.jpg,3,175,2
Zail,Zail Gemscale |,Male |,83 |,Drake |,Alive |,Salazsar |,Izril |,Salazsar |,Noble |,Non-combat |,,3,481,6
Navine,Navine Gemscale |,Female |,,Drake |,Alive |,Salazsar |,Izril |,Salazsar |,Noble |,Non-combat |,,3,236,6
Khorpe,Khorpe | Gemsting |,Male |,,Drake |,Deceased |,Salazsar |,Izril |,Salazsar |,Assassin |,Rogue | Archer |,,3,135,9
Jelaim,Jelaim | Serpent Hunter Jelaim |,Male |,,String Person |,Alive |,Reim |,Chandrar |,Reim |,Soldier | Vassal |,Rogue | Leader |,,3,56,6
Hekusha,Hekusha | Healer of Tenbault | Hekky |,Female |,42 |,Human |,Alive |,Shield of Tenbault |,Izril |,Tenbault |,Doctor | Mage |,Non-combat |,https://wiki.wanderinginn.com/images/b/bc/Healer_of_Tenbault_by_GridCube.png,3,236,1
Silent Queen,Silent Queen | The Queen of the Silent Antinium | Silent Queen |,Female |,,Antinium |,Alive |,Silent Antinium |,Izril |,Hivelands |,Monarch |,Leader |,,3,148,5
Akrisa,Akrisa Silverfang |,Female |,42 |,Gnoll |,Alive |,Silverfang Tribe |,Izril |,Great Plains |,Chieftain |,Non-combat |,,3,349,1
Satar,Satar Silverfang |,Female |,19 |,Gnoll |,Alive |,Silverfang Tribe |,Izril |,Great Plains |,Shaman |,Non-combat |,,3,652,1
Ekirra,Ekirra Silverfang |,Male |,8 |,Gnoll |,Alive |,Silverfang Tribe | Liscor |,Izril |,Liscor |,Child |,Non-combat |,https://wiki.wanderinginn.com/images/8/84/Ekirra_by_ArtsyNada.jpg,3,799,7
Xesci,Xesci |,Female |,,Drake |,Alive |,Salaszar |,Izril |,Salazsar |,Assassin |,Rogue |,,3,326,8
Suxhel,Suxhel |,Female |,,Gazer |,Alive |,Stargazer's Promise |,Izril |,Great Plains |,Adventurer |,Mage |,,3,97,7
Lehra,Lehra Ruinstrider | Stargnoll |,Female |,,Gnoll |,Alive |,Stargazer's Promise |,Izril |,Great Plains |,Adventurer |,Warrior |,https://wiki.wanderinginn.com/images/5/5e/Lehra_shaded_by_butts.png,3,709,7
Iraz,Iraz Steelfur |,Male |,,Gnoll |,Deceased |,Steelfur Tribe |,Izril |,Great Plains |,Chieftain |,Warrior | Leader |,,3,231,7
Linvios,Linvios Reiscale | Maestro |,Male |,,Drake |,Alive |,Symphony | Salazsar |,Izril |,Salazsar |,Assassin | ,Rogue |,https://wiki.wanderinginn.com/images/a/ae/Linvios_reiscale_by_Fiore.png,3,269,9
Cotm,Cotm |,Male |,,Fraerling |,Alive |,Tallguard |,Baleros |,Paeth |,Guard |,Archer |,,3,258,8
Eirnos,Eirnos | Iuncuta Eirnos |,Female |,,Fraerling |,Alive |,Tallguard | Forgotten Wing Company |,Baleros |,Elvallian |,Guard |,Leader |,,3,138,9
Eldertuin,Eldertuin Terland | Eldertuin the Fortress | Eldert | Eld |,Male |,51 |,Human |,Alive |,House Terland | The Adventurer's Haven |,Izril |,Adventurer's Haven | First Landing |,Farmer | Adventurer | Guard |,Warrior |,,3,325,7
Barnethei,Barnethei |,Male |,34 |,Human |,Alive |,The Adventurer's Haven |,Izril |,Adventurer's Haven |,Innkeeper |,Non-combat |,,3,265,9
Larracel,Larracel Delais | Larra | Larracel the Haven | Larrecel of Havens |,Female |,,Human |,Alive |,The Adventurer's Haven |,Izril |,Adventurer's Haven |,Innkeeper | Mage |,Non-combat |,https://wiki.wanderinginn.com/images/d/d6/LarracelMugshot-by-Amiel.png,3,574,9
Maran,Maran |,Female |,,Human |,Alive |,The Frenzied Hare |,Izril |,Celum |,Innkeeper |,Non-combat |,,3,174,2
Safry,Safry |,Female |,22 |,Human |,Alive |,The Frenzied Hare | The Wandering Inn |,Izril |,Celum |,Innkeeper |,Non-combat |,,3,216,2
The Duck,The Duck |,Nonbinary |,,Mind | Selphid |,Alive |,The Minds |,Baleros |,Gathering Citadel |,Layabout |,Non-combat |,https://wiki.wanderinginn.com/images/e/ef/DuckMind-by-Brack.jpg,3,20,9
Nailren,Nailren | Nailren of the Fletchsing Tribe |,Male |,36 |,Gnoll |,Alive |,The Pride of Kelia |,Izril |,Liscor | Great Plains |,Adventurer | Chieftain | Assassin |,Warrior |,,3,309,5
Abebi,Abebi |,Female |,,Human |,Alive |,Unaffiliated |,Terandria |,Noelictus |,Secretary |,Non-combat |,,3,116,7
Liska,Liska Coresh Silverfang |,Female |,17 |,Gnoll |,Alive |,The Wandering Inn |,Izril |,Liscor |,Innkeeper |,Non-combat |,https://wiki.wanderinginn.com/images/0/08/Liska_cutout_by_Butts.jpg,3,603,7
Neranthei,Neranthei |,Female |,,Human |,Alive |,Thronebearers | Calanfer |,Terandria |,Calanfer |,Knight |,Warrior |,,3,55,7
Spitty,Spitty |,Male |,,Camel |,Alive |,Tiqr | Pomle |,Chandrar |,Zeikhal |,Layabout |,Non-combat |,,3,147,8
Peki,Peki | Peki of Pomle |,Female |,,Garuda |,Alive |,Titan's School |,Baleros |,Elvallian |,Soldier |,Leader | Warrior |,https://wiki.wanderinginn.com/images/d/df/Peki-Axe_Kick.png,3,516,6
Todi,Todi | Captain Todi | Todi the Toad |,Male |,,Human |,Alive |,The Wandering Inn |,Izril |,Invrisil |,Adventurer |,Warrior |,,3,519,7
Menrise,Menrise | Menny |,Female |,31 |,Human |,Alive |,Unaffiliated |,Terandria |,Tourvecall |,Noble |,Mage |,https://wiki.wanderinginn.com/images/5/5e/Mystic.png,3,342,9
Twisted Queen,Twisted Queen | The Queen of the Twisted Antinium | Twisted Queen |,Female |,,Antinium |,Alive |,Twisted Antinium |,Izril |,Hivelands |,Monarch |,Leader |,https://wiki.wanderinginn.com/images/8/88/Prank-by-brack.jpg,3,157,5
Tesy,Tesy | Sellme |,Male |,18 |,Drake |,Deceased |,Unaffiliated |,Izril |,Salazsar | Liscor |,Crime |,Rogue |,,3,956,8
Ekrn,Ekrn |,Male |,,Fraerling |,Alive |,Unaffiliated |,Baleros |,Fraerling Village |,Guard |,Leader | Warrior |,https://wiki.wanderinginn.com/images/5/5c/Ekrn-by-artsynada.jpg,3,558,8
Wer,Wer | Wer | Wanderer | Wer the Wanderer | Etrh |,Male |,,Gnoll |,Alive |,Unaffiliated |,Izril |,Salazsar |,Guard | Runner |,Non-combat |,https://wiki.wanderinginn.com/images/a/ab/Wer_shaded_by_butts.png,3,427,6
Qwera,Qwera | Golden Gnoll | Qwera Hatail |,Female |,,Gnoll |,Alive |,Unaffiliated |,Izril |,Great Plains |,Merchant |,Non-combat |,,3,522,1
Belchaus,Belchaus Meron | Lord of the Dance | Lord of Jigs | Lord Bel | Best [Lord] in the World |,Male |,,Human |,Alive |,Unaffiliated |,Terandria |,Nadel |,Noble |,Leader |,,3,333,5
Doubte,Doubte | Hero of Zethe | Doubte of Zethe |,Male |,,Human |,Alive |,Unaffiliated |,Chandrar |,Zeith |,Farmer |,Warrior |,,3,258,6
Alber,Alber |,Male |,,Human |,Alive |,Unaffiliated |,Izril |,Reizmelt | Invrisil |,Performer |,Warrior |,https://wiki.wanderinginn.com/images/2/22/Alber_%28Cut-out%29.png,3,289,6
Erek,Erek |,Male |,,Orangutan |,Alive |,Unaffiliated |,Sea | Baleros |,Elvallian | Boat |,Runner | Courier |,Non-combat |,https://wiki.wanderinginn.com/images/4/4d/Erek_by_Brack.png,3,371,7
Bessachidia,Bessachidia |,Female |,,Antinium |,Deceased |,Unaffiliated |,Rhir |,Demon Kingdom |,Monarch | Intellect |,Leader |,,3,14,6
Yinah,Yinah |,Female |,,Cat |,Alive |,Unaffiliated |,Chandrar |,Illivere |,Layabout |,Non-combat |,https://wiki.wanderinginn.com/images/9/93/Yinah_by_Enuryn.png,3,154,7
Reagen,Reagen | Reagen Redfang |,Male |,,Cat |,Alive |,Stitchworks | The Wandering Inn |,Izril |,The Wandering Inn |,Layabout |,Non-combat |,https://wiki.wanderinginn.com/images/1/14/Reagen_by_ArtsyNada_Cutout.jpg,3,81,9
Omniscel,Omniscel | Omniscel the Omnipotent | Enchanter Omniscel |,Male |,,Drake |,Alive |,Unaffiliated |,Chandrar |,Savere |,Enchanter |,Non-combat |,https://wiki.wanderinginn.com/images/e/ea/Omniscel_the_Omnipotent_by_MG.jpg,3,36,8
Ilekrome,Ilekrome | Enchanter Ilekrome |,Male |,,Fraerling |,Alive |,Unaffiliated |,Baleros |,Paeth |,Enchanter | Mayor |,Non-combat |,,3,208,8
Curulac,Curulac | Curulac of a Hundred Days |,Male |,,Goblin |,Deceased |,Unaffiliated |,Terandria |,Erribathe |,Monarch |,Leader |,,3,45,3
Tallis,Tallis | Tallis the Stormbreaker |,Male |,,Goblin |,Deceased |,Unaffiliated |,Izril |,North Izril |,Noble | Shaman |,Mage |,,3,34,4
Irurx,Irurx | Alchemist of Change | Irurx the Alchemist | Alchemist Irurx | Alchemist I | Writhing Alchemist | Alchemist of Horrors |,Male |,312 |,Half-Elf |,Alive |,Unaffiliated |,Terandria | Sea |,Gaiil-Drome | Boat |,Alchemist | Sailor |,Archer |,https://wiki.wanderinginn.com/images/7/7e/Facerip.jpg,3,319,8
